Cell_ID,Sample,CellType,CellState
mLung17_2RUL_CGGGTGAGTTCCAGCA,mLung17_2RUL,tumor_c1,RNA_c2
mLung17_2RUL_AAACGGACACTTGCGT,mLung17_2RUL,tumor_c2,RNA_c4
mLung17_2RUL_CTACACAAGCTGAGTC,mLung17_2RUL,tumor_c1,RNA_c2
mLung17_2RUL_CACGTTGGTTGAAGTG,mLung17_2RUL,tumor_c1,RNA_c1
mLung17_2RUL_CCGTAACAGATACTGT,mLung17_2RUL,tumor_c1,RNA_c3
mLung17_2RUL_GGCCGAAGTTGCACCA,mLung17_2RUL,tumor_c2,RNA_c6
mLung17_2RUL_GGGAATGTCACAGGGA,mLung17_2RUL,tumor_c1,RNA_c1
mLung17_2RUL_AAGGTTAAGCTAGCGT,mLung17_2RUL,tumor_c2,RNA_c5
mLung17_2RUL_GGACACCCACAAGCGC,mLung17_2RUL,tumor_c2,RNA_c6
mLung17_2RUL_CGTTCCTGTAAGCTGA,mLung17_2RUL,tumor_c2,RNA_c4
mLung17_2RUL_ATGTCCCCAACGGTGC,mLung17_2RUL,tumor_c2,RNA_c4
mLung17_2RUL_GGCCTAGTCCTCATTA,mLung17_2RUL,tumor_c1,RNA_c3
mLung17_2RUL_GTGATGGAGCTATGGC,mLung17_2RUL,tumor_c2,RNA_c4
mLung17_2RUL_TCTATTGTCGACTACA,mLung17_2RUL,tumor_c2,RNA_c4
mLung17_2RUL_CATGCGCGTCAGGAAC,mLung17_2RUL,tumor_c2,RNA_c4
mLung17_2RUL_GCATCCCTCCTCGTTG,mLung17_2RUL,tumor_c1,RNA_c2
mLung17_2RUL_CCTACGAGTCAGGAGT,mLung17_2RUL,AT2,AT2
mLung17_2RUL_AGGCCAAAGATAGGCG,mLung17_2RUL,tumor_c2,RNA_c4
mLung17_2RUL_ACACACGCAACTTCGC,mLung17_2RUL,tumor_c1,RNA_c1
mLung17_2RUL_CTAAGCATCACGTGCG,mLung17_2RUL,tumor_c1,RNA_c3
mLung17_2RUL_GGCGATGGTTAAGGTG,mLung17_2RUL,tumor_c1,RNA_c1
mLung17_2RUL_TAGGAGTAGTGCCAGT,mLung17_2RUL,AT2,AT2
mLung17_2RUL_AGACACAGTTATGGCT,mLung17_2RUL,tumor_c1,RNA_c2
mLung17_2RUL_TGATGAAAGTTAGGCC,mLung17_2RUL,tumor_c2,RNA_c4
mLung17_2RUL_GTTAGGCTCTAGGCGT,mLung17_2RUL,tumor_c1,RNA_c2
mLung17_2RUL_GTCGAGGGTCAAGGAC,mLung17_2RUL,AT2,AT2
mLung17_2RUL_CTGCTAAAGTATGACT,mLung17_2RUL,tumor_c1,RNA_c1
mLung17_2RUL_TATGATGCAGCTAGTG,mLung17_2RUL,tumor_c2,RNA_c4
mLung17_2RUL_CCTCACGCAATTCGCC,mLung17_2RUL,tumor_c2,RNA_c6
mLung17_2RUL_ATCGTTAGTCAACTCG,mLung17_2RUL,tumor_c2,RNA_c5
mLung17_2RUL_TAAGTCCGTTATCGAC,mLung17_2RUL,tumor_c1,RNA_c2
mLung17_2RUL_AAGCAATGTGATGCGG,mLung17_2RUL,tumor_c1,RNA_c2
mLung17_2RUL_CCTTTAATCGTACGGT,mLung17_2RUL,tumor_c1,RNA_c2
mLung17_2RUL_ACCACTAAGCTGGGAA,mLung17_2RUL,tumor_c1,RNA_c1
mLung17_2RUL_CGATGTCAGATTGGTT,mLung17_2RUL,tumor_c2,RNA_c5
mLung17_2RUL_TACACTTCATGAATGC,mLung17_2RUL,tumor_c2,RNA_c5
mLung17_2RUL_TCCCCAGCATAGGCAT,mLung17_2RUL,tumor_c1,RNA_c2
mLung17_2RUL_GGATTGAGTTATATCG,mLung17_2RUL,tumor_c1,RNA_c2
mLung17_2RUL_ATCCACTTCAGGTTCA,mLung17_2RUL,tumor_c2,RNA_c4
mLung17_2RUL_AACGAATGTCAACCTG,mLung17_2RUL,tumor_c2,RNA_c6
mLung17_2RUL_AAGCATTTCCGTGTAA,mLung17_2RUL,tumor_c1,RNA_c2
mLung17_2RUL_CAAGTGAGTGAGGCAT,mLung17_2RUL,tumor_c2,RNA_c5
mLung17_2RUL_CTCTGACCAATCCATT,mLung17_2RUL,tumor_c1,RNA_c2
mLung17_2RUL_TGAACCGCATTAGTTC,mLung17_2RUL,tumor_c1,RNA_c2
mLung17_2RUL_GCGTTATGTGCGGACA,mLung17_2RUL,tumor_c1,RNA_c1
mLung17_2RUL_CACATATAGCATCAAT,mLung17_2RUL,tumor_c1,RNA_c1
mLung17_2RUL_CGACTTGGTTGCAATC,mLung17_2RUL,tumor_c2,RNA_c4
mLung17_2RUL_GTTCCGGAGGGTAGAT,mLung17_2RUL,tumor_c1,RNA_c2
mLung17_2RUL_AACACTTAGCGCTATA,mLung17_2RUL,tumor_c2,RNA_c6
mLung17_2RUL_TGGGCGAGTCAAGTGA,mLung17_2RUL,tumor_c1,RNA_c2
mLung17_2RUL_GTGTGTTGTTCCCAAG,mLung17_2RUL,tumor_c2,RNA_c4
mLung17_2RUL_CCTACAGGTAGTCCAT,mLung17_2RUL,tumor_c2,RNA_c4
mLung17_2RUL_TCCACCATCACCTACT,mLung17_2RUL,tumor_c1,RNA_c2
mLung17_2RUL_ACAGATGGTTGCACGC,mLung17_2RUL,tumor_c1,RNA_c4
mLung17_2RUL_CTAATCTCATCCACTA,mLung17_2RUL,tumor_c1,RNA_c2
mLung17_2RUL_GTAACCATCAGGTCTA,mLung17_2RUL,tumor_c2,RNA_c5
mLung17_2RUL_TAGTCCCCAACTGTAA,mLung17_2RUL,tumor_c2,RNA_c5
mLung17_2RUL_TACCCCATCAATGGCC,mLung17_2RUL,tumor_c1,RNA_c1
mLung17_2RUL_AGTCTCAAGGCGAATG,mLung17_2RUL,tumor_c1,RNA_c2
mLung17_2RUL_CTTGATGAGGTGATCC,mLung17_2RUL,tumor_c2,RNA_c4
mLung17_2RUL_CCACTTACAATTAGCA,mLung17_2RUL,AT2,AT2
mLung17_2RUL_TATGACTAGAAGCTCC,mLung17_2RUL,tumor_c1,RNA_c2
mLung17_2RUL_AAGTTTCAGCGCTCCT,mLung17_2RUL,AT2,AT2
mLung17_2RUL_GCTAAATTCTCATCAC,mLung17_2RUL,AT2,AT2
mLung17_2RUL_TGGACGTTCATCACGA,mLung17_2RUL,tumor_c2,RNA_c6
mLung17_2RUL_ACAGAATGTGAAGGCT,mLung17_2RUL,tumor_c2,RNA_c6
mLung17_2RUL_CCTACAGGTTCGTGTG,mLung17_2RUL,tumor_c2,RNA_c4
mLung17_2RUL_CACCTAAAGCCTGGTG,mLung17_2RUL,tumor_c1,RNA_c3
mLung17_2RUL_ACTGCTGGTAGTCAGA,mLung17_2RUL,tumor_c2,RNA_c4
mLung17_2RUL_CCTGCCACATAATCAG,mLung17_2RUL,tumor_c1,RNA_c2
mLung17_2RUL_GCTTGTAAGCGAACGA,mLung17_2RUL,tumor_c2,RNA_c4
mLung17_2RUL_CTCATTATCCTCATTA,mLung17_2RUL,tumor_c1,RNA_c3
mLung17_2RUL_GCCATTCCAATTGACA,mLung17_2RUL,tumor_c2,RNA_c4
mLung17_2RUL_CGCGCAATCCTCAATC,mLung17_2RUL,tumor_c2,RNA_c6
mLung17_2RUL_TACATAGCATCGACTC,mLung17_2RUL,tumor_c1,RNA_c4
mLung17_2RUL_ACTGTGATCAGCGAAG,mLung17_2RUL,tumor_c2,RNA_c5
mLung17_2RUL_GCGTAATCACCAATCC,mLung17_2RUL,tumor_c1,RNA_c3
mLung17_2RUL_ACTTTGAGTGAGTAGC,mLung17_2RUL,tumor_c2,RNA_c5
mLung17_2RUL_TGGCTCAGTTGTCTGG,mLung17_2RUL,tumor_c2,RNA_c5
mLung17_2RUL_GCATCAATCACTGGGT,mLung17_2RUL,tumor_c2,RNA_c5
mLung17_2RUL_AGCGCATTCCATCATC,mLung17_2RUL,tumor_c1,RNA_c2
mLung17_2RUL_ATCCACTTCCTGACTT,mLung17_2RUL,tumor_c2,RNA_c4
mLung17_2RUL_CCGACATAGAACCTAT,mLung17_2RUL,tumor_c2,RNA_c6
mLung17_2RUL_CTGTACTTCTAAGTCG,mLung17_2RUL,tumor_c2,RNA_c4
mLung17_2RUL_GTGGCCATCTTGACGA,mLung17_2RUL,tumor_c2,RNA_c5
mLung17_2RUL_AATGCACCACCTGTCG,mLung17_2RUL,AT2,AT2
mLung17_2RUL_AGTCGTTGTAGGTCCC,mLung17_2RUL,tumor_c2,RNA_c4
mLung17_2RUL_CGCCTGAAGTGAGGTG,mLung17_2RUL,tumor_c1,RNA_c2
mLung17_2RUL_TGTCACCCAATTGGCG,mLung17_2RUL,tumor_c2,RNA_c6
mLung17_2RUL_TCCCCAATCATGCTAG,mLung17_2RUL,tumor_c2,RNA_c5
mLung17_2RUL_CGACTATGTGAAGTTG,mLung17_2RUL,tumor_c2,RNA_c4
mLung17_2RUL_CACTCCATCATATCGG,mLung17_2RUL,AT2,AT2
mLung17_2RUL_CAGCCATAGGTTACAT,mLung17_2RUL,tumor_c2,RNA_c4
mLung17_2RUL_GTAGGAACAATGGAAG,mLung17_2RUL,tumor_c1,RNA_c3
mLung17_2RUL_CTACCATTCGCTCCTA,mLung17_2RUL,tumor_c2,RNA_c4
mLung17_2RUL_CGGCATTAGCTTAACG,mLung17_2RUL,tumor_c1,RNA_c2
mLung17_2RUL_GCCCATAGTTTACAGC,mLung17_2RUL,tumor_c1,RNA_c1
mLung17_2RUL_CCTAGGTAGTCAGTTG,mLung17_2RUL,tumor_c1,RNA_c1
mLung17_2RUL_ACAGACTCAGCACTTC,mLung17_2RUL,tumor_c2,RNA_c4
mLung17_2RUL_ATATTCCCACGCCATT,mLung17_2RUL,tumor_c1,RNA_c3
mLung17_2RUL_TGTCATGAGGCGAGAC,mLung17_2RUL,tumor_c1,RNA_c1
mLung17_2RUL_AGCACGTTCACCAGCG,mLung17_2RUL,tumor_c2,RNA_c5
mLung17_2RUL_ATCACCTTCTCACATC,mLung17_2RUL,tumor_c1,RNA_c1
mLung17_2RUL_GTTATCTCATTCGGCT,mLung17_2RUL,tumor_c2,RNA_c5
mLung17_2RUL_CTCTGACCATTCAACT,mLung17_2RUL,tumor_c2,RNA_c6
mLung17_2RUL_TGTGCGCGTAGTCCGC,mLung17_2RUL,tumor_c1,RNA_c2
mLung17_2RUL_GGCGATGGTCAGTCCA,mLung17_2RUL,tumor_c2,RNA_c4
mLung17_2RUL_GTGATAGGTGGACACG,mLung17_2RUL,tumor_c2,RNA_c4
mLung17_2RUL_ACTGGTTGTGATTGCT,mLung17_2RUL,tumor_c2,RNA_c4
mLung17_2RUL_CACGAAAGTTCCAGCA,mLung17_2RUL,tumor_c1,RNA_c1
mLung17_2RUL_TCCCAACCAGCACGTA,mLung17_2RUL,tumor_c2,RNA_c5
mLung17_2RUL_CTGGCAACAGCATGGC,mLung17_2RUL,tumor_c2,RNA_c4
mLung17_2RUL_TGAAACTTCGATATGT,mLung17_2RUL,tumor_c1,RNA_c1
mLung17_2RUL_ACCTCACCACAGCCAA,mLung17_2RUL,tumor_c2,RNA_c4
mLung17_2RUL_TCAGATTAGATTAGCT,mLung17_2RUL,tumor_c2,RNA_c4
mLung17_2RUL_AGCCGTTAGGCTCCTC,mLung17_2RUL,tumor_c2,RNA_c6
mLung17_2RUL_CGTGTCAGTAGGTACA,mLung17_2RUL,tumor_c1,RNA_c4
mLung17_2RUL_GTAGACTCAATCCTTG,mLung17_2RUL,tumor_c2,RNA_c6
mLung17_2RUL_TAAGGGTAGTGAGGTG,mLung17_2RUL,tumor_c1,RNA_c2
mLung17_2RUL_TCAGCCAGTCAATGGA,mLung17_2RUL,tumor_c1,RNA_c3
mLung17_2RUL_GCTCGATAGAACGGCA,mLung17_2RUL,tumor_c1,RNA_c4
mLung17_2RUL_ATTCGATAGCGCATGT,mLung17_2RUL,tumor_c2,RNA_c6
mLung17_2RUL_TCTCGATTCCTGACTT,mLung17_2RUL,tumor_c1,RNA_c3
mLung17_2RUL_GGACCCTGTGCAAGCG,mLung17_2RUL,tumor_c1,RNA_c2
mLung17_2RUL_TCACATAGTTCGTGTG,mLung17_2RUL,tumor_c1,RNA_c2
mLung17_2RUL_AACTTGGTCCTGACGG,mLung17_2RUL,tumor_c1,RNA_c2
mLung17_2RUL_CTAGAAGGTTCGCAAT,mLung17_2RUL,tumor_c2,RNA_c4
mLung17_2RUL_ATACGCGCAGGAACGG,mLung17_2RUL,AT2,AT2
mLung17_2RUL_TGAATTGCAACCCTGT,mLung17_2RUL,AT2,AT2
mLung17_2RUL_TGGAGTGAGCGGTTAC,mLung17_2RUL,tumor_c1,RNA_c1
mLung17_2RUL_ACAACCTGTCATGCGC,mLung17_2RUL,tumor_c1,RNA_c1
mLung17_2RUL_GCGGGATAGGTTACGC,mLung17_2RUL,tumor_c2,RNA_c5
mLung17_2RUL_CCTACGGAGGTTCCTT,mLung17_2RUL,tumor_c1,RNA_c2
mLung17_2RUL_ATGACCCAGCCAGCCA,mLung17_2RUL,tumor_c2,RNA_c6
mLung17_2RUL_ATTGTCAGTAGGCCAG,mLung17_2RUL,tumor_c1,RNA_c1
mLung17_2RUL_CTCTATATCCTCTCCT,mLung17_2RUL,tumor_c2,RNA_c4
mLung17_2RUL_AGGTAATGTAGTGCAA,mLung17_2RUL,tumor_c1,RNA_c2
mLung17_2RUL_GTAGACTCACTAATCT,mLung17_2RUL,tumor_c2,RNA_c4
mLung17_2RUL_CACCCTTGTGCGGTGA,mLung17_2RUL,tumor_c2,RNA_c4
mLung17_2RUL_AATCATCAGGTAACGG,mLung17_2RUL,tumor_c2,RNA_c4
mLung17_2RUL_TCCATCCGTTAGCACT,mLung17_2RUL,tumor_c2,RNA_c4
mLung17_2RUL_TGCAATTAGGATCTCA,mLung17_2RUL,AT2,AT2
mLung17_2RUL_ACTACCTTCACTCTGT,mLung17_2RUL,tumor_c2,RNA_c4
mLung17_2RUL_AACCCAGCAAACTCAA,mLung17_2RUL,AT2,AT2
mLung17_2RUL_CTTGCATTCGTCTACT,mLung17_2RUL,tumor_c1,RNA_c1
mLung17_2RUL_GTTATGGTCGTAGTGC,mLung17_2RUL,tumor_c1,RNA_c2
mLung17_2RUL_AGTTTAGCAGTTGAGT,mLung17_2RUL,AT2,AT2
mLung17_2RUL_TGTAGCTGTCTAAGTC,mLung17_2RUL,tumor_c1,RNA_c2
mLung17_2RUL_CGTAAACCAACCGTAG,mLung17_2RUL,tumor_c2,RNA_c4
mLung17_2RUL_CGATTATAGGAGGTCA,mLung17_2RUL,tumor_c1,RNA_c1
mLung17_2RUL_TCAGCAATCTATCGCT,mLung17_2RUL,tumor_c2,RNA_c6
mLung17_2RUL_CAGGGATGTATGGCAA,mLung17_2RUL,tumor_c1,RNA_c1
mLung17_2RUL_CTCCCTGGTCATCCTC,mLung17_2RUL,tumor_c2,RNA_c5
mLung17_2RUL_GGTGCATTCAGGATGG,mLung17_2RUL,tumor_c1,RNA_c2
mLung17_2RUL_GGCGTCTGTTCGCTCT,mLung17_2RUL,tumor_c2,RNA_c4
mLung17_2RUL_ATGGGTAGTGGCTCTA,mLung17_2RUL,tumor_c1,RNA_c3
mLung17_2RUL_TCCCTTAGTTAAGGTG,mLung17_2RUL,tumor_c2,RNA_c5
mLung17_2RUL_AACGCGCCATTCGGAG,mLung17_2RUL,tumor_c1,RNA_c3
mLung17_2RUL_TATCCATCATGCGTCT,mLung17_2RUL,tumor_c2,RNA_c6
mLung17_2RUL_ACTCTTGCAGCCAATG,mLung17_2RUL,tumor_c1,RNA_c4
mLung17_2RUL_ACAGAATGTAGTGTGA,mLung17_2RUL,tumor_c2,RNA_c5
mLung17_2RUL_AGAGTTGGTTGACGAA,mLung17_2RUL,tumor_c2,RNA_c4
mLung17_2RUL_TCATAGTAGTGAAGGT,mLung17_2RUL,tumor_c2,RNA_c6
mLung17_2RUL_GTGGAGGCAATACCTT,mLung17_2RUL,tumor_c2,RNA_c5
mLung17_2RUL_ACTATGGTCCCTCGAC,mLung17_2RUL,tumor_c2,RNA_c6
mLung17_2RUL_TGATTGGTCGCGTCTC,mLung17_2RUL,tumor_c1,RNA_c2
mLung17_2RUL_CATACTGAGTTACGGC,mLung17_2RUL,tumor_c1,RNA_c1
mLung17_2RUL_TGATGGCTCACACACA,mLung17_2RUL,tumor_c1,RNA_c3
mLung17_2RUL_GCTTGTCCACTCAATT,mLung17_2RUL,tumor_c2,RNA_c4
mLung17_2RUL_CGAGTCCGTAATTCGC,mLung17_2RUL,tumor_c2,RNA_c5
mLung17_2RUL_TACACCGGTCTCACCT,mLung17_2RUL,tumor_c2,RNA_c5
mLung17_2RUL_CGATGTTGTGAACGAC,mLung17_2RUL,tumor_c2,RNA_c4
mLung17_2RUL_GTAGGATAGCTGGAAG,mLung17_2RUL,tumor_c1,RNA_c2
mLung17_2RUL_CGACTGACAGGATTAC,mLung17_2RUL,tumor_c2,RNA_c4
mLung17_2RUL_TCTCAGCCAGGATTCG,mLung17_2RUL,tumor_c2,RNA_c4
mLung17_3RLL_TGATTCCTCGCGTGAT,mLung17_3RLL,tumor_c1,RNA_c1
mLung17_3RLL_GGGGCAACACTAACTT,mLung17_3RLL,tumor_c1,RNA_c1
mLung17_3RLL_TGCCTCTGTGATCCAT,mLung17_3RLL,tumor_c2,RNA_c6
mLung17_3RLL_ACGGCCATCAGGCACT,mLung17_3RLL,tumor_c2,RNA_c4
mLung17_3RLL_CCACCTATCTATCTGC,mLung17_3RLL,tumor_c2,RNA_c5
mLung17_3RLL_GGATGCTTCACTCCTG,mLung17_3RLL,tumor_c1,RNA_c1
mLung17_3RLL_CGAGCAGGTTGTGAAG,mLung17_3RLL,tumor_c1,RNA_c4
mLung17_3RLL_CTATATGGTCTGTGCA,mLung17_3RLL,tumor_c2,RNA_c5
mLung17_3RLL_TACACCTTCGAGTGGA,mLung17_3RLL,tumor_c1,RNA_c1
mLung17_3RLL_CACGACTAGGGCTAGA,mLung17_3RLL,tumor_c2,RNA_c6
mLung17_3RLL_ATACGAAAGCGACTTA,mLung17_3RLL,AT2,AT2
mLung17_3RLL_CCATACTTCACTGGGT,mLung17_3RLL,tumor_c1,RNA_c1
mLung17_3RLL_CCAGAGGGTTTCGGAT,mLung17_3RLL,tumor_c2,RNA_c5
mLung17_3RLL_ACTGCCTCATTCAGTT,mLung17_3RLL,tumor_c1,RNA_c1
mLung17_3RLL_TCCAGGCGTAGCCATT,mLung17_3RLL,tumor_c2,RNA_c5
mLung17_3RLL_CCTCAAGGTTCGTTAA,mLung17_3RLL,tumor_c1,RNA_c2
mLung17_3RLL_AAATGCAAGGCATCGT,mLung17_3RLL,tumor_c2,RNA_c6
mLung17_3RLL_TAAGCAAAGCCACATA,mLung17_3RLL,tumor_c2,RNA_c6
mLung17_3RLL_CGCTGCAAGCAGTTCA,mLung17_3RLL,tumor_c1,RNA_c1
mLung17_3RLL_TGCCATCCATGCGCTT,mLung17_3RLL,tumor_c1,RNA_c2
mLung17_3RLL_GTTGCCTCACAGCCAA,mLung17_3RLL,tumor_c1,RNA_c4
mLung17_3RLL_TAGGAGTAGCATCTAG,mLung17_3RLL,tumor_c1,RNA_c1
mLung17_3RLL_CTGGTTAAGTTACAGT,mLung17_3RLL,tumor_c1,RNA_c1
mLung17_3RLL_CATACATAGCTATCCT,mLung17_3RLL,tumor_c1,RNA_c1
mLung17_3RLL_TGGTAGTCAGGATGAA,mLung17_3RLL,tumor_c2,RNA_c6
mLung17_3RLL_AGAGAGGGTAGCCTTG,mLung17_3RLL,tumor_c1,RNA_c2
mLung17_3RLL_CCATCTTAGCTTCCCA,mLung17_3RLL,tumor_c2,RNA_c5
mLung17_3RLL_AGCTAATTCCTCGTTG,mLung17_3RLL,tumor_c1,RNA_c1
mLung17_3RLL_AATATGGAGCGGACTT,mLung17_3RLL,tumor_c1,RNA_c1
mLung17_3RLL_ACCATCCCATAGGCAT,mLung17_3RLL,tumor_c2,RNA_c5
mLung17_3RLL_GCATAGTCACCATACC,mLung17_3RLL,tumor_c1,RNA_c1
mLung17_3RLL_CGTCACCTCCTGAGCG,mLung17_3RLL,tumor_c1,RNA_c1
mLung17_3RLL_CCTGCATCAGCTAACG,mLung17_3RLL,tumor_c1,RNA_c1
mLung17_3RLL_CTAGCCAGTTGAGTCT,mLung17_3RLL,tumor_c1,RNA_c1
mLung17_3RLL_ACAGTGAGTGGGAACT,mLung17_3RLL,AT2,AT2
mLung17_3RLL_CGCTCCACACAGGCAC,mLung17_3RLL,tumor_c1,RNA_c1
mLung17_3RLL_TCCCACGCATCCCAGT,mLung17_3RLL,tumor_c1,RNA_c1
mLung17_3RLL_GCGGAGTAGCGCTTGG,mLung17_3RLL,tumor_c1,RNA_c1
mLung17_3RLL_GGCGAGACAATATGGC,mLung17_3RLL,tumor_c2,RNA_c5
mLung17_3RLL_TGTCAGGCAAAGGAAT,mLung17_3RLL,tumor_c2,RNA_c6
mLung17_3RLL_AAGTTTCAGTTGGCGT,mLung17_3RLL,tumor_c1,RNA_c1
mLung17_3RLL_GGAGTATAGTATCTCC,mLung17_3RLL,tumor_c1,RNA_c1
mLung17_3RLL_CCTGTGAGTTGGGTCC,mLung17_3RLL,tumor_c1,RNA_c2
mLung17_3RLL_AAGGTCAGTAGTAGAT,mLung17_3RLL,tumor_c1,RNA_c1
mLung17_3RLL_AGCGGTTTCGATGTGC,mLung17_3RLL,tumor_c1,RNA_c1
mLung17_3RLL_TGTGAACCAATATCTC,mLung17_3RLL,tumor_c1,RNA_c1
mLung17_3RLL_GTTAGTTAGTAATGCT,mLung17_3RLL,tumor_c2,RNA_c5
mLung17_3RLL_CCTGTGAGTTCGCACA,mLung17_3RLL,tumor_c1,RNA_c2
mLung17_3RLL_AGACGTTCAATTAACG,mLung17_3RLL,tumor_c1,RNA_c1
mLung17_3RLL_CAAATGAAGATAGACA,mLung17_3RLL,tumor_c1,RNA_c1
mLung17_3RLL_CTGGTCAGTATAGACG,mLung17_3RLL,tumor_c1,RNA_c1
mLung17_3RLL_TCCAAAGTCACATTGG,mLung17_3RLL,AT2,AT2
mLung17_3RLL_CCTTTCAGTTTCAGCG,mLung17_3RLL,tumor_c1,RNA_c1
mLung17_3RLL_TATCGCTTCAGCCTAA,mLung17_3RLL,tumor_c1,RNA_c1
mLung17_3RLL_CCCGGTAAGGAGGCAC,mLung17_3RLL,tumor_c1,RNA_c1
mLung17_3RLL_TGTACCGGTCAAGTTC,mLung17_3RLL,tumor_c1,RNA_c2
mLung17_3RLL_TCCTTGGTCCTTCAGT,mLung17_3RLL,tumor_c2,RNA_c6
mLung17_3RLL_CGTTACAAGTCATTCC,mLung17_3RLL,tumor_c1,RNA_c2
mLung17_3RLL_CAGTTACGTGAACCTT,mLung17_3RLL,tumor_c1,RNA_c2
mLung17_3RLL_ATTCGGGCAATCGGCA,mLung17_3RLL,tumor_c1,RNA_c1
mLung17_3RLL_CTCAATAGTAACGGTA,mLung17_3RLL,tumor_c1,RNA_c1
mLung17_3RLL_GTGGCGAGTTCGGCGT,mLung17_3RLL,tumor_c1,RNA_c1
mLung17_3RLL_CTACTCACAGCTATGG,mLung17_3RLL,tumor_c2,RNA_c5
mLung17_3RLL_TCAGTAACAATACTTC,mLung17_3RLL,tumor_c1,RNA_c1
mLung17_3RLL_CCACATGGTGGACAGT,mLung17_3RLL,tumor_c1,RNA_c1
mLung17_3RLL_AATGGCAGTTGTGCTG,mLung17_3RLL,tumor_c1,RNA_c4
mLung17_3RLL_GCACACTAGGAGTATA,mLung17_3RLL,tumor_c2,RNA_c5
mLung17_3RLL_TGCCTCTGTTGCCTTC,mLung17_3RLL,tumor_c1,RNA_c1
mLung17_3RLL_TGTATTCCATTCGCAC,mLung17_3RLL,tumor_c1,RNA_c2
mLung17_3RLL_GGGACACAGCTAAGGG,mLung17_3RLL,tumor_c1,RNA_c1
mLung17_3RLL_GTAAGTAAGGTAATGA,mLung17_3RLL,AT2,AT2
mLung17_3RLL_GCGATGTTCGCGTGTG,mLung17_3RLL,tumor_c1,RNA_c1
mLung17_3RLL_ATGTACCGTAGTTGGA,mLung17_3RLL,tumor_c2,RNA_c6
mLung17_3RLL_ACAACCTGTAGCAGAC,mLung17_3RLL,tumor_c1,RNA_c2
mLung17_3RLL_AGGTTCGCAATCGCCT,mLung17_3RLL,tumor_c2,RNA_c5
mLung17_3RLL_ACAGCTCAGGAACTGG,mLung17_3RLL,tumor_c2,RNA_c5
mLung17_3RLL_CTTGCTTAGCGAACTC,mLung17_3RLL,tumor_c1,RNA_c2
mLung17_3RLL_ATGCTTAGTTCACGCA,mLung17_3RLL,tumor_c1,RNA_c2
mLung17_3RLL_GGCGATTTCTAATGGT,mLung17_3RLL,tumor_c1,RNA_c1
mLung17_3RLL_TGCACAATCTAGTCGA,mLung17_3RLL,tumor_c1,RNA_c4
mLung17_3RLL_GCAGTGAAGTGAGACG,mLung17_3RLL,tumor_c1,RNA_c2
mLung17_3RLL_TAGCTCAAGCCGACAT,mLung17_3RLL,tumor_c1,RNA_c1
mLung17_3RLL_TGCATATAGCCATGCG,mLung17_3RLL,tumor_c1,RNA_c1
mLung17_3RLL_CAACGAAGTCTTGCGA,mLung17_3RLL,tumor_c1,RNA_c1
mLung17_3RLL_CGTAAAGGTAGGCGAT,mLung17_3RLL,tumor_c1,RNA_c1
mLung17_3RLL_ACGCATTGTTCGTGTG,mLung17_3RLL,AT2,AT2
mLung17_3RLL_ACAGTCATCGATGGCT,mLung17_3RLL,AT2,AT2
mLung17_3RLL_GTTATCTCAGTTGACG,mLung17_3RLL,tumor_c1,RNA_c2
mLung17_3RLL_TAGGCGAAGGTAGCGA,mLung17_3RLL,tumor_c2,RNA_c5
mLung17_3RLL_GCGAAAGTCCCCATAT,mLung17_3RLL,tumor_c2,RNA_c5
mLung17_3RLL_TGCGACCGTTCCATCC,mLung17_3RLL,tumor_c1,RNA_c1
mLung17_3RLL_AATGAACGTAGGTATG,mLung17_3RLL,AT2,AT2
mLung17_3RLL_ACTTAACAGCAAGCGA,mLung17_3RLL,tumor_c2,RNA_c6
mLung17_3RLL_TCGATTGAGGGGTCAA,mLung17_3RLL,tumor_c1,RNA_c1
mLung17_3RLL_TCCACCGCAACTAATG,mLung17_3RLL,tumor_c1,RNA_c1
mLung17_3RLL_TCTACTTGTTGGCTGC,mLung17_3RLL,tumor_c1,RNA_c1
mLung17_3RLL_AACTTCCTCTAATGGT,mLung17_3RLL,tumor_c2,RNA_c6
mLung17_3RLL_AAGCCATCATCGAAGT,mLung17_3RLL,tumor_c1,RNA_c1
mLung17_3RLL_TACCATAGTGGACTAA,mLung17_3RLL,tumor_c1,RNA_c1
mLung17_3RLL_GGGAACATCCGCCTTA,mLung17_3RLL,AT2,AT2
mLung17_3RLL_CAAATCCGTGCGCGTT,mLung17_3RLL,tumor_c1,RNA_c2
mLung17_3RLL_TGCCTCATCACTCTAC,mLung17_3RLL,tumor_c2,RNA_c6
mLung17_3RLL_TGAGCCACAAATGACC,mLung17_3RLL,tumor_c2,RNA_c4
mLung17_3RLL_AAGCTCTGTCAGCGAG,mLung17_3RLL,tumor_c2,RNA_c5
mLung17_3RLL_CTCGCGAAGTTACGTG,mLung17_3RLL,AT2,AT2
mLung17_3RLL_CGGTATATCTCACATC,mLung17_3RLL,AT2,AT2
mLung17_3RLL_AGTACCTGTGAGCGTG,mLung17_3RLL,tumor_c1,RNA_c1
mLung17_3RLL_CTTCAGCCAAGTGGAA,mLung17_3RLL,tumor_c2,RNA_c5
mLung17_3RLL_ATACGTTAGAATCACT,mLung17_3RLL,tumor_c2,RNA_c6
mLung17_3RLL_TGAGATGGTTGGTCAT,mLung17_3RLL,tumor_c1,RNA_c1
mLung17_3RLL_TGCACTAAGCGGTCTG,mLung17_3RLL,tumor_c1,RNA_c1
mLung17_3RLL_CGAGGGTAGTTACCGA,mLung17_3RLL,tumor_c2,RNA_c6
mLung17_3RLL_GTCCAGTAGCAGGTGA,mLung17_3RLL,tumor_c1,RNA_c2
mLung17_3RLL_GTCCATTTCCTTCACG,mLung17_3RLL,tumor_c1,RNA_c1
mLung17_3RLL_CGTTATAGTTAAGTGG,mLung17_3RLL,tumor_c1,RNA_c1
mLung17_3RLL_CCTTGAGGTTCGTGCA,mLung17_3RLL,tumor_c2,RNA_c5
mLung17_3RLL_ACTCTCACATGAAGGA,mLung17_3RLL,tumor_c1,RNA_c1
mLung17_3RLL_CTGTCATTCCCTCTAG,mLung17_3RLL,AT2,AT2
mLung17_3RLL_CCACCTATCCCTCATG,mLung17_3RLL,tumor_c1,RNA_c1
mLung17_3RLL_ACGTATTAGTGTCAAT,mLung17_3RLL,tumor_c1,RNA_c1
mLung17_3RLL_CCCATATTCCCCAGTC,mLung17_3RLL,tumor_c2,RNA_c5
mLung17_3RLL_ATTCCGGGTTAGACTC,mLung17_3RLL,tumor_c1,RNA_c4
mLung17_3RLL_CTGTACCCACTTACTG,mLung17_3RLL,tumor_c1,RNA_c1
mLung17_3RLL_AAGCGCAAGTGCTTAG,mLung17_3RLL,tumor_c1,RNA_c1
mLung17_3RLL_CCCGTAAGTGATTCGT,mLung17_3RLL,tumor_c2,RNA_c5
mLung17_3RLL_GGATGGATCCTGCCTA,mLung17_3RLL,tumor_c2,RNA_c6
mLung17_3RLL_TAGCTCCCAATTGCCC,mLung17_3RLL,tumor_c1,RNA_c1
mLung17_3RLL_CAACGGGGTAGCCATT,mLung17_3RLL,tumor_c1,RNA_c4
mLung17_3RLL_ACGGTGAAGCCTGTAA,mLung17_3RLL,tumor_c1,RNA_c3
mLung17_3RLL_CGACTGACACAAGGAA,mLung17_3RLL,tumor_c1,RNA_c1
mLung17_3RLL_CATAACTAGATTGCAT,mLung17_3RLL,tumor_c1,RNA_c2
mLung17_3RLL_CTCAATTCATGCAGAT,mLung17_3RLL,tumor_c1,RNA_c1
mLung17_3RLL_AAGCGATAGTAATGCT,mLung17_3RLL,tumor_c1,RNA_c1
mLung17_3RLL_ACGGGCTCAGTTGCTC,mLung17_3RLL,tumor_c1,RNA_c1
mLung17_3RLL_GCGGAGACATAAGTTG,mLung17_3RLL,tumor_c1,RNA_c4
mLung17_3RLL_CCTGAGACAGTACTAA,mLung17_3RLL,tumor_c1,RNA_c1
mLung17_3RLL_CCTACAGGTTACTGCG,mLung17_3RLL,AT2,AT2
mLung17_3RLL_CTAACCAAGTATGGCC,mLung17_3RLL,tumor_c1,RNA_c4
mLung17_3RLL_ACGGTCACACATATAG,mLung17_3RLL,tumor_c1,RNA_c1
mLung17_3RLL_GCATCCCTCTAGTGCA,mLung17_3RLL,tumor_c2,RNA_c5
mLung17_3RLL_TGCCAGACAAATCATG,mLung17_3RLL,tumor_c1,RNA_c1
mLung17_3RLL_TATAGGGGTTTGCCAG,mLung17_3RLL,tumor_c1,RNA_c2
mLung17_3RLL_TAACTTGGTAGCGGCA,mLung17_3RLL,tumor_c1,RNA_c4
mLung17_3RLL_GTGGCAGGTTTAGTTG,mLung17_3RLL,tumor_c1,RNA_c1
mLung17_3RLL_CTGAAAGGTTCCAGAT,mLung17_3RLL,tumor_c1,RNA_c4
mLung17_3RLL_CATAGTTAGCATGGCT,mLung17_3RLL,AT2,AT2
mLung17_3RLL_TGAGGCTTCAATCCTC,mLung17_3RLL,tumor_c1,RNA_c2
mLung17_3RLL_TGGATGCTCTGGAACC,mLung17_3RLL,tumor_c1,RNA_c1
mLung17_3RLL_ATTGGCGCATCACTCA,mLung17_3RLL,tumor_c1,RNA_c2
mLung17_3RLL_ATGGTGAGTTATGGCT,mLung17_3RLL,tumor_c1,RNA_c2
mLung17_3RLL_ACAATAGAGGAGGCGT,mLung17_3RLL,AT2,AT2
mLung17_3RLL_GTATGGCTCGCGATAC,mLung17_3RLL,tumor_c1,RNA_c1
mLung17_3RLL_GGTATCTGTAAGCATG,mLung17_3RLL,tumor_c2,RNA_c5
mLung17_3RLL_CCCAGTGAGAAGCCTC,mLung17_3RLL,tumor_c1,RNA_c1
mLung17_3RLL_ACGTAAGGTGAACCTT,mLung17_3RLL,tumor_c1,RNA_c1
mLung17_3RLL_TCGCTCTGTTGTGAGA,mLung17_3RLL,AT2,AT2
mLung17_3RLL_AGACGTTCACTATGAA,mLung17_3RLL,tumor_c1,RNA_c1
mLung17_3RLL_CGGGCAAGTCCATTCC,mLung17_3RLL,tumor_c1,RNA_c1
mLung17_3RLL_AACGTAGGTTGCTAAC,mLung17_3RLL,tumor_c2,RNA_c6
mLung17_3RLL_GCTCCTGCAATCCTCA,mLung17_3RLL,tumor_c1,RNA_c1
mLung17_3RLL_CTTAACCTCCGCAGTG,mLung17_3RLL,tumor_c2,RNA_c5
mLung17_3RLL_TCAGCTGGTCTGGCTA,mLung17_3RLL,tumor_c1,RNA_c1
mLung17_3RLL_ACACATTAGGCACTCG,mLung17_3RLL,tumor_c2,RNA_c6
mLung17_3RLL_ACCAAATTCTGGATCA,mLung17_3RLL,tumor_c1,RNA_c1
mLung17_3RLL_TGCAATGTCCTGTCTG,mLung17_3RLL,tumor_c2,RNA_c6
mLung17_3RLL_GCCCAAGTCAATGTAC,mLung17_3RLL,tumor_c2,RNA_c6
mLung17_3RLL_CGGAACGGTTGGCATT,mLung17_3RLL,tumor_c2,RNA_c5
mLung17_3RLL_CACCCGTTCTGGTCAA,mLung17_3RLL,tumor_c1,RNA_c1
mLung17_3RLL_GTAGTTACATGACGGC,mLung17_3RLL,AT2,AT2
mLung17_3RLL_GCCTAAATCCCAGGAT,mLung17_3RLL,tumor_c2,RNA_c5
mLung17_3RLL_CTTCTAATCAATCCAG,mLung17_3RLL,tumor_c1,RNA_c1
mLung17_3RLL_GTGTTATAGCCTGATA,mLung17_3RLL,tumor_c2,RNA_c5
mLung17_3RLL_GTTAACTAGCGAGGAC,mLung17_3RLL,tumor_c1,RNA_c1
mLung17_3RLL_GTTCCACCACCATCTA,mLung17_3RLL,tumor_c1,RNA_c1
mLung17_3RLL_TCCTTATGTGGGTTAA,mLung17_3RLL,tumor_c2,RNA_c5
mLung17_3RLL_CTCAATTCATCGGGTA,mLung17_3RLL,tumor_c2,RNA_c6
mLung17_3RLL_AAGCATTTCACTCACT,mLung17_3RLL,tumor_c2,RNA_c5
mLung17_3RLL_CTTGGCGAGAACCTGC,mLung17_3RLL,tumor_c1,RNA_c2
mLung17_3RLL_CACCATCCACTACCCG,mLung17_3RLL,AT2,AT2
mLung17_3RLL_TGCCATAAGGCAAGGC,mLung17_3RLL,AT2,AT2
mLung17_3RLL_AGAAGTCAGCCGACCA,mLung17_3RLL,tumor_c2,RNA_c6
mLung17_3RLL_AGGCCCATCACGGATC,mLung17_3RLL,tumor_c2,RNA_c6
mLung17_3RLL_GTTGTGATCGCATTAG,mLung17_3RLL,tumor_c2,RNA_c5
mLung17_3RLL_CGGTTTGGTTTCGCTC,mLung17_3RLL,tumor_c1,RNA_c2
mLung17_3RLL_TCTAGCTTCCGCCTGT,mLung17_3RLL,tumor_c1,RNA_c1
mLung17_3RLL_CTTGCCATCAAGTTCG,mLung17_3RLL,tumor_c2,RNA_c5
mLung17_3RLL_ACCACCTCACGCCATT,mLung17_3RLL,tumor_c2,RNA_c6
mLung17_3RLL_ACCTGGGTCTATGTGG,mLung17_3RLL,tumor_c2,RNA_c4
mLung17_3RLL_GTATCGATCCGCACTC,mLung17_3RLL,tumor_c1,RNA_c1
mLung17_3RLL_GGGCTTGTCATCACCT,mLung17_3RLL,tumor_c2,RNA_c5
mLung17_3RLL_GTGACGAAGGAGCCTT,mLung17_3RLL,tumor_c1,RNA_c4
mLung17_3RLL_CTTACGTTCAGCAAGG,mLung17_3RLL,tumor_c1,RNA_c2
mLung17_3RLL_CGCCCATTCCGCCTGT,mLung17_3RLL,tumor_c1,RNA_c1
mLung17_3RLL_ATCCACGGTTCGATGT,mLung17_3RLL,tumor_c1,RNA_c2
mLung17_3RLL_ACCATTAGTATTGAGG,mLung17_3RLL,tumor_c2,RNA_c5
mLung17_3RLL_TCTGTGTTCGATTGCA,mLung17_3RLL,tumor_c1,RNA_c1
mLung17_3RLL_CGGGTCATCGACCAAC,mLung17_3RLL,tumor_c2,RNA_c5
mLung17_3RLL_GGCTTAATCTCATTGC,mLung17_3RLL,AT2,AT2
mLung17_3RLL_ACATGCATCCAGGTCG,mLung17_3RLL,tumor_c1,RNA_c1
mLung17_3RLL_CGCGATTAGGATGATA,mLung17_3RLL,tumor_c1,RNA_c1
mLung17_3RLL_CGCTTCATCCCGCACT,mLung17_3RLL,tumor_c1,RNA_c1
mLung17_3RLL_CACATCAAGGCACACT,mLung17_3RLL,tumor_c1,RNA_c1
mLung17_3RLL_TGGAGCAAGCCGCGTA,mLung17_3RLL,tumor_c1,RNA_c1
mLung17_3RLL_GCATTGATCACATGGC,mLung17_3RLL,tumor_c2,RNA_c6
mLung17_3RLL_CGTAAATTCCTCTAGT,mLung17_3RLL,tumor_c1,RNA_c1
mLung17_3RLL_CTTGCCATCCCTCTCT,mLung17_3RLL,tumor_c1,RNA_c1
mLung17_3RLL_GTAAGGCGTGGAGACT,mLung17_3RLL,AT2,AT2
mLung17_3RLL_GGCAAAGTCACACCAA,mLung17_3RLL,tumor_c2,RNA_c4
mLung17_3RLL_GTTGCATGTTTAGTGC,mLung17_3RLL,tumor_c1,RNA_c2
mLung17_3RLL_ACGATATTCACACTAG,mLung17_3RLL,AT2,AT2
mLung17_3RLL_ACGGACAAGTGCTGGT,mLung17_3RLL,tumor_c2,RNA_c4
mLung17_3RLL_AGTATGGGTGCAGTAA,mLung17_3RLL,AT2,AT2
mLung17_3RLL_CAACCCAGTCAATTCA,mLung17_3RLL,tumor_c2,RNA_c5
mLung17_3RLL_TGGACTCAGGAATGGT,mLung17_3RLL,tumor_c1,RNA_c1
mLung17_3RLL_CCAACTAAGCGGTAGA,mLung17_3RLL,AT2,AT2
mLung17_3RLL_CGTTACAAGCGCTGTG,mLung17_3RLL,tumor_c2,RNA_c6
mLung17_3RLL_TGGAATGGTGGCCATC,mLung17_3RLL,tumor_c1,RNA_c1
mLung17_3RLL_CGCTGCAAGCGACTGT,mLung17_3RLL,tumor_c2,RNA_c5
mLung17_3RLL_GTTCCACCAACATACA,mLung17_3RLL,AT2,AT2
mLung17_3RLL_ACCCTGCTCCAGCACG,mLung17_3RLL,tumor_c1,RNA_c1
mLung17_3RLL_CGGGGATAGTATGAGA,mLung17_3RLL,tumor_c2,RNA_c6
mLung17_3RLL_AACGCCCGTGCATCAT,mLung17_3RLL,tumor_c2,RNA_c6
mLung17_3RLL_GTTAACTAGGATTGCC,mLung17_3RLL,tumor_c1,RNA_c1
mLung17_3RLL_CTAATGGTCAGTTCGA,mLung17_3RLL,tumor_c1,RNA_c2
mLung17_3RLL_CAAGGATAGCGAGTGA,mLung17_3RLL,tumor_c1,RNA_c1
mLung17_3RLL_TCCTAGAAGATTCGAT,mLung17_3RLL,tumor_c2,RNA_c6
mLung17_3RLL_ATCGGGCCAACGGTCA,mLung17_3RLL,tumor_c2,RNA_c6
mLung17_3RLL_GCGCTAGTCGTCTATC,mLung17_3RLL,tumor_c1,RNA_c1
mLung17_3RLL_GCACAGCCAATCCGCT,mLung17_3RLL,tumor_c1,RNA_c1
mLung17_3RLL_GTTGGTCAGTTGGCTA,mLung17_3RLL,tumor_c1,RNA_c1
mLung17_3RLL_GTGCGATTCCAGCAGT,mLung17_3RLL,tumor_c1,RNA_c1
mLung17_3RLL_GTGGCAGGTTCGATGT,mLung17_3RLL,AT2,AT2
mLung17_3RLL_ATTCCTTGTTATGAGG,mLung17_3RLL,tumor_c1,RNA_c1
mLung17_3RLL_TCGTATAGTTGTAGCT,mLung17_3RLL,tumor_c2,RNA_c6
mLung17_3RLL_ACTTCGCCAAGCATGT,mLung17_3RLL,tumor_c1,RNA_c1
mLung17_3RLL_ACTAATGCAACTGTAA,mLung17_3RLL,AT2,AT2
mLung17_3RLL_GCACTGGTCACTAGAT,mLung17_3RLL,tumor_c1,RNA_c1
mLung17_3RLL_TCGTGTCCAGCACGTA,mLung17_3RLL,tumor_c1,RNA_c1
mLung17_4LUL_CTATCATCAACTAGCG,mLung17_4LUL,tumor_c2,RNA_c5
mLung17_4LUL_GGTCTTAAGATAGTAG,mLung17_4LUL,tumor_c2,RNA_c6
mLung17_4LUL_ACTCCAAAGCCACTCC,mLung17_4LUL,tumor_c2,RNA_c6
mLung17_4LUL_GCCATAGCAATTAACG,mLung17_4LUL,tumor_c1,RNA_c3
mLung17_4LUL_TGCCTGCTCATAGAGA,mLung17_4LUL,tumor_c1,RNA_c4
mLung17_4LUL_CCAATTAGTTTACTTC,mLung17_4LUL,tumor_c2,RNA_c5
mLung17_4LUL_TGTACCCCAATCCATT,mLung17_4LUL,tumor_c2,RNA_c5
mLung17_4LUL_ATCTGTGAGGCGATAG,mLung17_4LUL,tumor_c2,RNA_c6
mLung17_4LUL_CTAATTGGTAGGCGAT,mLung17_4LUL,tumor_c1,RNA_c2
mLung17_4LUL_ACAGTGAGTTGGCCTA,mLung17_4LUL,tumor_c2,RNA_c5
mLung17_4LUL_AAACGTCCACTTCGCG,mLung17_4LUL,tumor_c2,RNA_c5
mLung17_4LUL_CTTGTAAGTCAGCTAT,mLung17_4LUL,tumor_c2,RNA_c6
mLung17_4LUL_TCTCGAGGTTCGTATA,mLung17_4LUL,tumor_c1,RNA_c2
mLung17_4LUL_TGCCATCCAAAGGATG,mLung17_4LUL,tumor_c2,RNA_c6
mLung17_4LUL_CCGCATGAGTCGCTCC,mLung17_4LUL,tumor_c1,RNA_c2
mLung17_4LUL_CTTAGCAAGTAAGGGT,mLung17_4LUL,tumor_c1,RNA_c2
mLung17_4LUL_CACCTTTAGGGTCAAG,mLung17_4LUL,tumor_c1,RNA_c2
mLung17_4LUL_CTCTAATCACCTTGGT,mLung17_4LUL,tumor_c2,RNA_c6
mLung17_4LUL_AAACGTAAGCCTGCGA,mLung17_4LUL,tumor_c1,RNA_c2
mLung17_4LUL_TGCAAACCATCGTTCA,mLung17_4LUL,tumor_c1,RNA_c4
mLung17_4LUL_TAAGTGAAGGATACCC,mLung17_4LUL,tumor_c1,RNA_c1
mLung17_4LUL_CCCATGCTCATGGCGT,mLung17_4LUL,tumor_c1,RNA_c2
mLung17_4LUL_GTTCGATGTCAGCGAG,mLung17_4LUL,tumor_c1,RNA_c2
mLung17_4LUL_CGTTCCTGTTTCGCTC,mLung17_4LUL,tumor_c1,RNA_c1
mLung17_4LUL_CCAGTTGGTAAGGGCT,mLung17_4LUL,tumor_c1,RNA_c1
mLung17_4LUL_ATGGATGGTCAGCTTG,mLung17_4LUL,tumor_c1,RNA_c2
mLung17_4LUL_ACCAATTAGATAGGAC,mLung17_4LUL,tumor_c1,RNA_c2
mLung17_4LUL_GTTGCTGGTAACTGCT,mLung17_4LUL,tumor_c1,RNA_c1
mLung17_4LUL_GTGAGCGGTGATGCAA,mLung17_4LUL,tumor_c1,RNA_c2
mLung17_4LUL_TATCTTGTCGAGTCCG,mLung17_4LUL,tumor_c1,RNA_c2
mLung17_4LUL_GTTGCATGTTCGCAGC,mLung17_4LUL,tumor_c2,RNA_c6
mLung17_4LUL_ACAGCTCAGTTACGCA,mLung17_4LUL,tumor_c2,RNA_c5
mLung17_4LUL_AGAAGTCAGGCTCCAG,mLung17_4LUL,tumor_c1,RNA_c2
mLung17_4LUL_ACCCATTTCGCATGTA,mLung17_4LUL,tumor_c2,RNA_c5
mLung17_4LUL_CTTGGGCGTTAAGCCT,mLung17_4LUL,tumor_c1,RNA_c2
mLung17_4LUL_CTCATTATCTTGAGGC,mLung17_4LUL,tumor_c1,RNA_c2
mLung17_4LUL_CATTTGCTCGAGTCTA,mLung17_4LUL,tumor_c1,RNA_c2
mLung17_4LUL_AAGGGTTAGGCACTCG,mLung17_4LUL,tumor_c1,RNA_c2
mLung17_4LUL_CTTGTGAAGTACGCCG,mLung17_4LUL,tumor_c1,RNA_c4
mLung17_4LUL_GTTCCCTGTATTGGTC,mLung17_4LUL,tumor_c2,RNA_c6
mLung17_4LUL_CTTGCTTAGCAGTTCA,mLung17_4LUL,tumor_c2,RNA_c6
mLung17_4LUL_ATCCCATTCGTACACA,mLung17_4LUL,tumor_c2,RNA_c6
mLung17_4LUL_CCAGGTTAGGAGCTAG,mLung17_4LUL,tumor_c1,RNA_c2
mLung17_4LUL_GTAATGGGTAAGCGGT,mLung17_4LUL,tumor_c1,RNA_c1
mLung17_4LUL_TCCTAATCATGTCGTC,mLung17_4LUL,tumor_c1,RNA_c1
mLung17_4LUL_ATGGCAAGTGAGTAGC,mLung17_4LUL,tumor_c2,RNA_c5
mLung17_4LUL_CGTCATCCAAATGCCG,mLung17_4LUL,tumor_c2,RNA_c6
mLung17_4LUL_GTCACGTAGCTTCCTG,mLung17_4LUL,tumor_c1,RNA_c3
mLung17_4LUL_CTAGGTTGTGCAGGAT,mLung17_4LUL,tumor_c2,RNA_c6
mLung17_4LUL_CTCCAGCTCGTTCAAG,mLung17_4LUL,tumor_c1,RNA_c4
mLung17_4LUL_CCATCATTCCAGCCGA,mLung17_4LUL,tumor_c1,RNA_c3
mLung17_4LUL_GTAAGCTCACTAACTT,mLung17_4LUL,tumor_c1,RNA_c2
mLung17_4LUL_ACTCCACCAGCCTATC,mLung17_4LUL,tumor_c1,RNA_c2
mLung17_4LUL_TCCCCTGGTAAGGTTG,mLung17_4LUL,tumor_c2,RNA_c6
mLung17_4LUL_CTCTAGCCACTACCGT,mLung17_4LUL,tumor_c1,RNA_c4
mLung17_4LUL_TAGGTAGGTTTACGAC,mLung17_4LUL,tumor_c1,RNA_c2
mLung17_4LUL_AACATGAAGCGCTTCC,mLung17_4LUL,tumor_c2,RNA_c5
mLung17_4LUL_CGCTGCAAGGATGAAC,mLung17_4LUL,tumor_c1,RNA_c1
mLung17_4LUL_GCTGGTTAGGTAGCGA,mLung17_4LUL,tumor_c1,RNA_c2
mLung17_4LUL_AGCATCGCAATCGGCA,mLung17_4LUL,tumor_c1,RNA_c3
mLung17_4LUL_GTGATGCTCCGGGCTA,mLung17_4LUL,AT2,AT2
mLung17_4LUL_GGCTTCTCACAGCCTT,mLung17_4LUL,tumor_c2,RNA_c6
mLung17_4LUL_CCACTTACAATCGACG,mLung17_4LUL,tumor_c1,RNA_c1
mLung17_4LUL_AAGTTGGGTGGCAGCA,mLung17_4LUL,tumor_c2,RNA_c5
mLung17_4LUL_AGAGAATCATAATCCT,mLung17_4LUL,tumor_c1,RNA_c2
mLung17_4LUL_GGGTCAAAGCTTCCGC,mLung17_4LUL,tumor_c2,RNA_c4
mLung17_4LUL_TCTACTTGTGACTCTG,mLung17_4LUL,tumor_c1,RNA_c4
mLung17_4LUL_AAGGACTAGGTCCACG,mLung17_4LUL,tumor_c1,RNA_c1
mLung17_4LUL_AGAGGGTCACCATCTA,mLung17_4LUL,tumor_c2,RNA_c6
mLung17_4LUL_TGCCGATAGCCATTAG,mLung17_4LUL,tumor_c2,RNA_c6
mLung17_4LUL_TGTGTTGAGCTTAGTG,mLung17_4LUL,tumor_c2,RNA_c6
mLung17_4LUL_CTCGCTATCGCTGACG,mLung17_4LUL,tumor_c2,RNA_c6
mLung17_4LUL_CCGCTAGAGGATTCAT,mLung17_4LUL,tumor_c2,RNA_c4
mLung17_4LUL_ACTGAAGGTTTAGCCG,mLung17_4LUL,tumor_c2,RNA_c6
mLung17_4LUL_CTCGGTTCAAACCTGG,mLung17_4LUL,tumor_c2,RNA_c5
mLung17_4LUL_GTATGAGGTGGCGAAT,mLung17_4LUL,tumor_c2,RNA_c5
mLung17_4LUL_AGCGACAAGTAATGCT,mLung17_4LUL,tumor_c1,RNA_c2
mLung17_4LUL_CTTCAGCCACTATGCC,mLung17_4LUL,tumor_c1,RNA_c3
mLung17_4LUL_CTGATCAAGGTGAGCA,mLung17_4LUL,tumor_c1,RNA_c3
mLung17_4LUL_GCACAATCAGGCAAGG,mLung17_4LUL,tumor_c2,RNA_c6
mLung17_4LUL_CCCTGAGAGCTAATCG,mLung17_4LUL,tumor_c2,RNA_c5
mLung17_4LUL_CAAGTCGCATCACGGA,mLung17_4LUL,tumor_c2,RNA_c6
mLung17_4LUL_GGTGTGAAGTGAATGA,mLung17_4LUL,tumor_c1,RNA_c2
mLung17_4LUL_TCTCCAACATCCGTTA,mLung17_4LUL,tumor_c1,RNA_c2
mLung17_4LUL_GGTTGGTTCGAACCGT,mLung17_4LUL,tumor_c1,RNA_c2
mLung17_4LUL_AGCATCATCACCTTCG,mLung17_4LUL,tumor_c2,RNA_c6
mLung17_4LUL_TGGTCTAAGCGAACGA,mLung17_4LUL,AT2,AT2
mLung17_4LUL_AGTCAGTCAAATGGAG,mLung17_4LUL,tumor_c2,RNA_c6
mLung17_4LUL_GGGTTGGGTGCGCCAT,mLung17_4LUL,tumor_c1,RNA_c2
mLung17_4LUL_CCAGTAATCTAACTGG,mLung17_4LUL,tumor_c2,RNA_c6
mLung17_4LUL_TGCACAATCCAGATCA,mLung17_4LUL,tumor_c2,RNA_c5
mLung17_4LUL_CAAGGGGCATCCATCA,mLung17_4LUL,tumor_c1,RNA_c1
mLung17_4LUL_CCCTAACCAATACAGC,mLung17_4LUL,tumor_c1,RNA_c3
mLung17_4LUL_TCCTTGGTCCCTCAAT,mLung17_4LUL,tumor_c1,RNA_c2
mLung17_4LUL_GTATCCCCAATCAGAC,mLung17_4LUL,tumor_c2,RNA_c6
mLung17_4LUL_TGAGTTGTCACATAGT,mLung17_4LUL,tumor_c2,RNA_c4
mLung17_4LUL_TCCCTAACATGGCAGC,mLung17_4LUL,tumor_c2,RNA_c5
mLung17_4LUL_GTGCATATCGTAGTTG,mLung17_4LUL,tumor_c1,RNA_c2
mLung17_4LUL_CACGCTAGTTTGGATC,mLung17_4LUL,tumor_c1,RNA_c2
mLung17_4LUL_TACAAGCCATCCTGAC,mLung17_4LUL,tumor_c2,RNA_c5
mLung17_4LUL_ATCTCGCCAGCTCGTT,mLung17_4LUL,tumor_c2,RNA_c5
mLung17_4LUL_TCCAACTTCTAGTGCA,mLung17_4LUL,tumor_c2,RNA_c5
mLung17_4LUL_ATCGTTGAGTGCGGTT,mLung17_4LUL,AT2,AT2
mLung17_4LUL_CTTCTATGTCCATAGT,mLung17_4LUL,tumor_c1,RNA_c4
mLung17_4LUL_TACCACAAGGTACTAT,mLung17_4LUL,tumor_c1,RNA_c3
mLung17_4LUL_GCCTCCACAACTAGGT,mLung17_4LUL,tumor_c1,RNA_c2
mLung17_4LUL_TGCTACAAGTATGTCG,mLung17_4LUL,tumor_c2,RNA_c5
mLung17_4LUL_GGTTAGGAGTGGGTAG,mLung17_4LUL,tumor_c1,RNA_c4
mLung17_4LUL_GTGTTAGTCCATTGCT,mLung17_4LUL,tumor_c2,RNA_c5
mLung17_4LUL_CCGTCGAAGCGCCACA,mLung17_4LUL,AT2,AT2
mLung17_4LUL_TCACGTAAGTGAGGAT,mLung17_4LUL,tumor_c1,RNA_c2
mLung17_4LUL_TCCAGGTAGCATTCAG,mLung17_4LUL,tumor_c2,RNA_c6
mLung17_4LUL_TCGGCTGAGCCATTGA,mLung17_4LUL,tumor_c1,RNA_c3
mLung17_4LUL_GTTCCTTAGCATATCG,mLung17_4LUL,tumor_c2,RNA_c4
mLung17_4LUL_TGAGGTGAGCGGATTC,mLung17_4LUL,tumor_c1,RNA_c3
mLung17_4LUL_TAAGGGTAGCGATTCA,mLung17_4LUL,tumor_c1,RNA_c3
mLung17_4LUL_AAAGGTCAGTGCGCCA,mLung17_4LUL,tumor_c2,RNA_c5
mLung17_4LUL_TCGTTAGAGGGTAGGC,mLung17_4LUL,tumor_c2,RNA_c6
mLung17_4LUL_CAGGGCTCAATTAACG,mLung17_4LUL,tumor_c2,RNA_c6
mLung17_4LUL_ACAAGTTTCCGGTTCC,mLung17_4LUL,tumor_c1,RNA_c3
mLung17_4LUL_CGCGCATGTTGGTTCG,mLung17_4LUL,tumor_c2,RNA_c5
mLung17_4LUL_CGATTCAAGGTGGCAA,mLung17_4LUL,tumor_c1,RNA_c3
mLung17_4LUL_TCTGACTTCACAGCTA,mLung17_4LUL,tumor_c2,RNA_c6
mLung17_4LUL_TCTAGTGAGTAGCATT,mLung17_4LUL,tumor_c2,RNA_c6
mLung17_4LUL_CGGGATGGTTAGACTC,mLung17_4LUL,AT2,AT2
mLung17_4LUL_CTTATGCTCTATGGCA,mLung17_4LUL,tumor_c1,RNA_c2
mLung17_4LUL_GCCTCATCATAGGTAC,mLung17_4LUL,tumor_c1,RNA_c2
mLung17_4LUL_TGCAGGTTCACAGCAC,mLung17_4LUL,tumor_c2,RNA_c6
mLung17_4LUL_AATCGAGGTGCAGCCT,mLung17_4LUL,tumor_c1,RNA_c2
mLung17_4LUL_GTCTCAAAGCTAGTGC,mLung17_4LUL,tumor_c2,RNA_c5
mLung17_4LUL_ATGGCTGCAATATGTG,mLung17_4LUL,tumor_c2,RNA_c4
mLung17_4LUL_GGGGTTAAGCGGTAAG,mLung17_4LUL,tumor_c1,RNA_c2
mLung17_4LUL_CATTTAGGTGGGAACT,mLung17_4LUL,AT2,AT2
mLung17_4LUL_CATACTTCAACCTTCA,mLung17_4LUL,tumor_c1,RNA_c1
mLung17_4LUL_ATAGCCATCACAGGGA,mLung17_4LUL,tumor_c2,RNA_c5
mLung17_4LUL_GTCACCTCACTTGCTA,mLung17_4LUL,tumor_c2,RNA_c6
mLung17_4LUL_GCGTAGCCAGCATGGC,mLung17_4LUL,tumor_c1,RNA_c4
mLung17_4LUL_AATGGGACATGACTAA,mLung17_4LUL,tumor_c2,RNA_c6
mLung17_4LUL_TGAGTAGGTCAAGGGT,mLung17_4LUL,tumor_c1,RNA_c1
mLung17_4LUL_GGTAGCAAGCAAGTCC,mLung17_4LUL,tumor_c1,RNA_c1
mLung17_4LUL_AGGATCAGTAACCCAT,mLung17_4LUL,tumor_c2,RNA_c5
mLung17_4LUL_CAGTGTTGTGCGAGCA,mLung17_4LUL,tumor_c1,RNA_c3
mLung17_4LUL_ATCGTAGTCCGTTAAG,mLung17_4LUL,tumor_c2,RNA_c6
mLung17_4LUL_CGATAAGGTTGCTTAA,mLung17_4LUL,tumor_c1,RNA_c3
mLung17_4LUL_GGATTGCTCCCTCGTA,mLung17_4LUL,tumor_c2,RNA_c4
mLung17_4LUL_AGGACATAGGATCCCG,mLung17_4LUL,tumor_c2,RNA_c4
mLung17_4LUL_TCCATGGGTTTAGGCT,mLung17_4LUL,tumor_c1,RNA_c4
mLung17_4LUL_GGAATTGGTTTGCAGT,mLung17_4LUL,tumor_c2,RNA_c4
mLung17_4LUL_GTTGTACGTTTGATTG,mLung17_4LUL,tumor_c1,RNA_c4
mLung17_4LUL_CAAGTAAAGGTAGATA,mLung17_4LUL,AT2,AT2
mLung17_4LUL_CTACTGTTCCGCTGCT,mLung17_4LUL,tumor_c1,RNA_c1
mLung17_4LUL_CTGCCTATCGTGAGGA,mLung17_4LUL,tumor_c1,RNA_c2
mLung17_4LUL_AGCGCATTCCTCGTCA,mLung17_4LUL,tumor_c1,RNA_c2
mLung17_4LUL_AGGTTCATCCTTCGAT,mLung17_4LUL,tumor_c2,RNA_c6
mLung17_4LUL_CAGGGGTAGCCATAGC,mLung17_4LUL,tumor_c2,RNA_c4
mLung17_4LUL_CTGACAATCGATTCCT,mLung17_4LUL,tumor_c1,RNA_c3
mLung17_4LUL_ATGGGCTTCATAGGAA,mLung17_4LUL,AT2,AT2
mLung17_4LUL_GCTGAAAGTCATCCGA,mLung17_4LUL,tumor_c1,RNA_c2
mLung17_4LUL_ACAACCATCCCTGGCT,mLung17_4LUL,AT2,AT2
mLung17_4LUL_CGGGCTTGTTCGATTA,mLung17_4LUL,tumor_c2,RNA_c5
mLung17_4LUL_GCTGAAAGTCTAATCA,mLung17_4LUL,tumor_c1,RNA_c2
mLung17_4LUL_GTCTTCACATCACGTC,mLung17_4LUL,tumor_c2,RNA_c6
mLung17_4LUL_GGAATTGGTTTACCAA,mLung17_4LUL,AT2,AT2
mLung17_4LUL_GCCCCTTAGGTGCATC,mLung17_4LUL,AT2,AT2
mLung17_4LUL_CCTTTCCTCCGGTTAA,mLung17_4LUL,tumor_c2,RNA_c4
mLung17_4LUL_ATTATCCCAAATCCAA,mLung17_4LUL,AT2,AT2
mLung17_4LUL_TCAGCAATCCAGGTCG,mLung17_4LUL,tumor_c1,RNA_c1
mLung17_4LUL_CCAGGTTAGATTAACC,mLung17_4LUL,tumor_c1,RNA_c2
mLung17_4LUL_TAAGCGGAGTCAACTG,mLung17_4LUL,tumor_c2,RNA_c4
mLung17_4LUL_TCTGACCCAAGTTACA,mLung17_4LUL,tumor_c2,RNA_c5
mLung17_4LUL_GTGCAGCCATTCGGAG,mLung17_4LUL,tumor_c1,RNA_c3
mLung17_4LUL_GCCATTCCAATGACGT,mLung17_4LUL,tumor_c1,RNA_c3
mLung17_4LUL_AACCCTAAGTGGCAGA,mLung17_4LUL,tumor_c2,RNA_c6
mLung17_4LUL_AGCGTAAGTTGCAATC,mLung17_4LUL,tumor_c2,RNA_c6
mLung17_4LUL_GCAATATTCCTGTACT,mLung17_4LUL,tumor_c2,RNA_c6
mLung17_4LUL_CTATCAAGTTATAGGG,mLung17_4LUL,tumor_c1,RNA_c2
mLung17_4LUL_TCCCTCAAGGTAGACG,mLung17_4LUL,tumor_c2,RNA_c6
mLung17_4LUL_ATATGTCAGCCTAGAC,mLung17_4LUL,tumor_c2,RNA_c5
mLung17_4LUL_CACCAGTAGGTTCACA,mLung17_4LUL,tumor_c1,RNA_c3
mLung17_4LUL_AGGAATGCAACTATCT,mLung17_4LUL,tumor_c2,RNA_c5
mLung17_4LUL_TGCCCATCAGGCAGTC,mLung17_4LUL,tumor_c1,RNA_c2
mLung17_4LUL_ACTGCTGGTGGGAATC,mLung17_4LUL,tumor_c1,RNA_c2
mLung17_4LUL_CGTTACTTCCCATTAC,mLung17_4LUL,tumor_c1,RNA_c1
mLung17_4LUL_AGGCGGACACCTGCAT,mLung17_4LUL,tumor_c1,RNA_c2
mLung17_4LUL_CTATAGTAGCGAGTCT,mLung17_4LUL,tumor_c2,RNA_c6
mLung17_4LUL_GTTCCCGCAATAGCGT,mLung17_4LUL,tumor_c1,RNA_c2
mLung17_4LUL_ACTCCCTGTTCCAGTG,mLung17_4LUL,tumor_c2,RNA_c6
mLung17_4LUL_GCTGTATGTAATGCCT,mLung17_4LUL,AT2,AT2
mLung17_4LUL_GCGGGATAGCATCTCT,mLung17_4LUL,AT2,AT2
mLung17_4LUL_TGACATTAGTAATGGA,mLung17_4LUL,tumor_c2,RNA_c6
mLung17_4LUL_ACCTAACGTAACTTCA,mLung17_4LUL,tumor_c2,RNA_c6
mLung17_4LUL_TCTCCATAGGTGGACA,mLung17_4LUL,tumor_c2,RNA_c6
mLung17_4LUL_CATATCCTCATGCTGA,mLung17_4LUL,AT2,AT2
mLung17_4LUL_GTCAATGTCGAATCCA,mLung17_4LUL,tumor_c1,RNA_c1
mLung17_4LUL_TAACCATAGTCAGTAT,mLung17_4LUL,tumor_c1,RNA_c2
mLung17_4LUL_CTCACCATCACACTAG,mLung17_4LUL,tumor_c2,RNA_c4
mLung17_4LUL_CTTAGCTTCCTTCGAT,mLung17_4LUL,tumor_c2,RNA_c6
mLung17_4LUL_ACGGTTATCGTTGCGG,mLung17_4LUL,tumor_c2,RNA_c5
mLung17_4LUL_CTGGCTAGTGAGGCAT,mLung17_4LUL,AT2,AT2
mLung17_4LUL_GGGGTTGGTGAGCCAG,mLung17_4LUL,tumor_c1,RNA_c3
mLung17_4LUL_CCACGTAGTTAAGCCT,mLung17_4LUL,tumor_c2,RNA_c4
mLung17_4LUL_CAGCTATGTGCAGCGA,mLung17_4LUL,tumor_c2,RNA_c6
mLung17_4LUL_GCGGGATAGCCATCGG,mLung17_4LUL,AT2,AT2
mLung17_4LUL_TATCTCATCATGACGC,mLung17_4LUL,tumor_c2,RNA_c5
mLung17_4LUL_CTCATTATCGCGATGT,mLung17_4LUL,tumor_c1,RNA_c2
mLung17_4LUL_ACATTTCCAAGCGAGG,mLung17_4LUL,tumor_c2,RNA_c6
mLung17_4LUL_GTGGACAAGCATCCTT,mLung17_4LUL,AT2,AT2
mLung17_4LUL_CAAGGGATCCAGGGTT,mLung17_4LUL,tumor_c2,RNA_c6
mLung17_4LUL_CTAAGCATCGTTCGTT,mLung17_4LUL,AT2,AT2
mLung17_4LUL_AGGCCCATCCTCTCAG,mLung17_4LUL,AT2,AT2
mLung17_4LUL_AGCGGGACAAGGGTAA,mLung17_4LUL,tumor_c1,RNA_c2
mLung17_4LUL_TGTCGTTTCTAGCCAA,mLung17_4LUL,tumor_c2,RNA_c5
mLung17_4LUL_AGGTAAATCCGTAGCG,mLung17_4LUL,tumor_c2,RNA_c5
mLung17_4LUL_ATCCACGGTTTAGTTG,mLung17_4LUL,tumor_c1,RNA_c3
mLung17_4LUL_TAAACCACAAATCCGG,mLung17_4LUL,tumor_c2,RNA_c6
mLung17_4LUL_AACCAGGAGGAATTAG,mLung17_4LUL,tumor_c2,RNA_c5
mLung17_4LUL_AATGTCCGTTTCACTT,mLung17_4LUL,tumor_c1,RNA_c1
mLung17_4LUL_CAATCCGGTTGAGTTC,mLung17_4LUL,tumor_c1,RNA_c3
mLung17_4LUL_ACAACCATCGCGATTA,mLung17_4LUL,tumor_c2,RNA_c6
mLung17_4LUL_TACGCAATCGAACGGA,mLung17_4LUL,tumor_c2,RNA_c4
mLung17_4LUL_CAGTCCCTCATCACAG,mLung17_4LUL,AT2,AT2
mLung17_4LUL_CGGGACTCATGCAGGC,mLung17_4LUL,tumor_c1,RNA_c1
mLung17_4LUL_CCATCAGGTAACTGCT,mLung17_4LUL,tumor_c2,RNA_c6
mLung17_4LUL_CCATACTTCTCATCAC,mLung17_4LUL,tumor_c1,RNA_c4
mLung17_4LUL_AGGCGGACAGTACTAA,mLung17_4LUL,AT2,AT2
mLung17_4LUL_GGATGCTTCGTGCCTC,mLung17_4LUL,tumor_c1,RNA_c1
mLung17_4LUL_ACTAACTAGTGGCTGT,mLung17_4LUL,tumor_c1,RNA_c2
mLung17_4LUL_GTATTCAGTTAATGGG,mLung17_4LUL,AT2,AT2
mLung17_4LUL_CCTTGAGGTTAAGCCT,mLung17_4LUL,tumor_c1,RNA_c3
mLung17_4LUL_TGTCTGTTCCGGATGT,mLung17_4LUL,AT2,AT2
mLung17_4LUL_GTGATTGTCTGGGAAG,mLung17_4LUL,tumor_c1,RNA_c1
mLung17_4LUL_CTCAGGTAGCCTAGAC,mLung17_4LUL,tumor_c2,RNA_c5
mLung17_4LUL_ATTCCGCCAGGTATCG,mLung17_4LUL,tumor_c1,RNA_c2
mLung17_4LUL_TATGTCAGTAGGTATG,mLung17_4LUL,tumor_c1,RNA_c3
mLung17_5LLL_TACCCCATCATGGCGT,mLung17_5LLL,tumor_c2,RNA_c5
mLung17_5LLL_TAGGACTCAACGTGAT,mLung17_5LLL,tumor_c1,RNA_c2
mLung17_5LLL_GGTGTGAAGGCAAGGC,mLung17_5LLL,tumor_c1,RNA_c3
mLung17_5LLL_TCCACCATCTATGCTC,mLung17_5LLL,tumor_c2,RNA_c6
mLung17_5LLL_CTCACACCACCTTGGT,mLung17_5LLL,tumor_c1,RNA_c2
mLung17_5LLL_AGTATGGGTTGGCGAG,mLung17_5LLL,tumor_c1,RNA_c3
mLung17_5LLL_GTTCCGGAGTAGCGAG,mLung17_5LLL,tumor_c2,RNA_c4
mLung17_5LLL_GGTTCAATCTAACCTC,mLung17_5LLL,tumor_c2,RNA_c4
mLung17_5LLL_ATTACGTAGGATTACT,mLung17_5LLL,tumor_c1,RNA_c3
mLung17_5LLL_CTGCGGATCATGTGCA,mLung17_5LLL,tumor_c2,RNA_c6
mLung17_5LLL_TGCAATTAGGTTGCAC,mLung17_5LLL,tumor_c2,RNA_c5
mLung17_5LLL_TCTGAGGCACAACCGA,mLung17_5LLL,tumor_c1,RNA_c2
mLung17_5LLL_CACGGCTGTTCTGGAT,mLung17_5LLL,tumor_c1,RNA_c3
mLung17_5LLL_CCGAATATCAGGTTCA,mLung17_5LLL,tumor_c1,RNA_c2
mLung17_5LLL_GTGCCTAGTTGCATCG,mLung17_5LLL,tumor_c1,RNA_c2
mLung17_5LLL_TCAACCTTCGACTGAC,mLung17_5LLL,tumor_c1,RNA_c1
mLung17_5LLL_GGGAATTAGGGTAGGC,mLung17_5LLL,tumor_c1,RNA_c3
mLung17_5LLL_GTATCCCCACCTACCG,mLung17_5LLL,tumor_c2,RNA_c5
mLung17_5LLL_GGGACCTCAATAGACC,mLung17_5LLL,tumor_c1,RNA_c3
mLung17_5LLL_GCGACATTCCGGTTAA,mLung17_5LLL,tumor_c2,RNA_c5
mLung17_5LLL_CATATTCCAAGCCGTA,mLung17_5LLL,tumor_c1,RNA_c3
mLung17_5LLL_CAGTCTAAGGAGTCGA,mLung17_5LLL,tumor_c2,RNA_c4
mLung17_5LLL_CCAGCAACATGCTCAC,mLung17_5LLL,tumor_c1,RNA_c3
mLung17_5LLL_CATACCCCAGGATCAT,mLung17_5LLL,tumor_c2,RNA_c5
mLung17_5LLL_TCCATGAAGCGCCTAG,mLung17_5LLL,tumor_c1,RNA_c4
mLung17_5LLL_AGTGGATAGTAAGGGT,mLung17_5LLL,tumor_c2,RNA_c5
mLung17_5LLL_GCAACGTTCGACTAAT,mLung17_5LLL,tumor_c1,RNA_c2
mLung17_5LLL_CGCCCAAAGTGAGGAT,mLung17_5LLL,tumor_c2,RNA_c6
mLung17_5LLL_AGCCGATTCGATCGTA,mLung17_5LLL,tumor_c1,RNA_c3
mLung17_5LLL_CATAGTTAGGTACTTG,mLung17_5LLL,tumor_c1,RNA_c3
mLung17_5LLL_CTCCTTGAGGAATGAC,mLung17_5LLL,tumor_c2,RNA_c5
mLung17_5LLL_CGTCATAAGATTAGTC,mLung17_5LLL,tumor_c1,RNA_c1
mLung17_5LLL_CGCCCAAAGCATCAAT,mLung17_5LLL,tumor_c1,RNA_c3
mLung17_5LLL_ACCACTAAGGTTGCTA,mLung17_5LLL,tumor_c1,RNA_c2
mLung17_5LLL_CCACTAAAGGAATTGA,mLung17_5LLL,tumor_c1,RNA_c3
mLung17_5LLL_GCGATTCAGAATCCTG,mLung17_5LLL,tumor_c2,RNA_c6
mLung17_5LLL_CTTGCCTGTCATGATC,mLung17_5LLL,tumor_c1,RNA_c1
mLung17_5LLL_GCACCAACAAATCATG,mLung17_5LLL,tumor_c1,RNA_c2
mLung17_5LLL_GTCTATGAGGCAAGTG,mLung17_5LLL,AT2,AT2
mLung17_5LLL_ACAATTCAGGTGCTGT,mLung17_5LLL,tumor_c2,RNA_c6
mLung17_5LLL_AGGAGCCAGCTAAGGG,mLung17_5LLL,tumor_c2,RNA_c5
mLung17_5LLL_TGAATGTTCCAATGCA,mLung17_5LLL,tumor_c1,RNA_c3
mLung17_5LLL_TGGATTGTCCAGAGGA,mLung17_5LLL,tumor_c1,RNA_c3
mLung17_5LLL_CCGCAAGTCCTCTAGT,mLung17_5LLL,tumor_c2,RNA_c4
mLung17_5LLL_ATACACTAGAAGCCCT,mLung17_5LLL,tumor_c1,RNA_c1
mLung17_5LLL_ACTGCTAAGGGTCTAC,mLung17_5LLL,tumor_c2,RNA_c6
mLung17_5LLL_AAACGCCTCGTAATCG,mLung17_5LLL,tumor_c2,RNA_c4
mLung17_5LLL_AAATGCTTCCGTGTAA,mLung17_5LLL,tumor_c2,RNA_c4
mLung17_5LLL_CGATTCCCATAACGTA,mLung17_5LLL,tumor_c1,RNA_c3
mLung17_5LLL_TACAAGCCAACTATGA,mLung17_5LLL,tumor_c1,RNA_c3
mLung17_5LLL_AGACATCCAACTTCAT,mLung17_5LLL,tumor_c2,RNA_c4
mLung17_5LLL_ATATTCCCATGCTGTC,mLung17_5LLL,tumor_c1,RNA_c2
mLung17_5LLL_TAGGGTGAGTCAAGTT,mLung17_5LLL,tumor_c1,RNA_c2
mLung17_5LLL_CCGCTCACATCAATTC,mLung17_5LLL,tumor_c1,RNA_c2
mLung17_5LLL_ACAACAGGTCAGTCGC,mLung17_5LLL,tumor_c2,RNA_c4
mLung17_5LLL_CTCGTAAAGCGACTGT,mLung17_5LLL,tumor_c1,RNA_c2
mLung17_5LLL_TCCTCAACAAACTACA,mLung17_5LLL,tumor_c1,RNA_c2
mLung17_5LLL_GGATAGGTCAGCATTG,mLung17_5LLL,tumor_c1,RNA_c3
mLung17_5LLL_CTCATCCGTTTGGTCG,mLung17_5LLL,tumor_c1,RNA_c3
mLung17_5LLL_TACTACCTCCCGCTGT,mLung17_5LLL,tumor_c1,RNA_c2
mLung17_5LLL_CGTGGGTCAGGGCACT,mLung17_5LLL,tumor_c2,RNA_c3
mLung17_5LLL_TACCTAGAGAACGATA,mLung17_5LLL,tumor_c1,RNA_c2
mLung17_5LLL_AACCTTGAGGAATCAA,mLung17_5LLL,tumor_c2,RNA_c5
mLung17_5LLL_CATGCCAGTCTAGTGT,mLung17_5LLL,tumor_c1,RNA_c3
mLung17_5LLL_GGGTTAGAGTGCTGCG,mLung17_5LLL,tumor_c2,RNA_c5
mLung17_5LLL_AAACGCCTCGACCGTG,mLung17_5LLL,tumor_c1,RNA_c3
mLung17_5LLL_TATAGGTTCACGCCGA,mLung17_5LLL,tumor_c1,RNA_c1
mLung17_5LLL_CCACCTATCGCTCTCA,mLung17_5LLL,tumor_c1,RNA_c3
mLung17_5LLL_TCCACCATCGAGTCCG,mLung17_5LLL,tumor_c1,RNA_c3
mLung17_5LLL_AATTGGGGTGGGTCCT,mLung17_5LLL,tumor_c1,RNA_c3
mLung17_5LLL_TCACATGAGCATTAAC,mLung17_5LLL,tumor_c1,RNA_c3
mLung17_5LLL_TATCCGGGTAATGAAC,mLung17_5LLL,tumor_c2,RNA_c6
mLung17_5LLL_CCCGCTTAGTCAGCTA,mLung17_5LLL,tumor_c1,RNA_c3
mLung17_5LLL_CAATGCCAGTCAGCCG,mLung17_5LLL,tumor_c2,RNA_c5
mLung17_5LLL_ATCCTAGAGGTTGCAC,mLung17_5LLL,tumor_c1,RNA_c3
mLung17_5LLL_CTCTAGAAGGTCCAGT,mLung17_5LLL,tumor_c1,RNA_c2
mLung17_5LLL_ACTACCTTCACCTTCG,mLung17_5LLL,tumor_c2,RNA_c6
mLung17_5LLL_TCTCTAGCAATCGCTC,mLung17_5LLL,tumor_c1,RNA_c4
mLung17_5LLL_CCGGCTAAGCCAATCA,mLung17_5LLL,tumor_c2,RNA_c4
mLung17_5LLL_CCCTTAGTCTAATGCG,mLung17_5LLL,tumor_c1,RNA_c2
mLung17_5LLL_GGGTATAGTTAGCGAA,mLung17_5LLL,tumor_c1,RNA_c3
mLung17_5LLL_ACATTTCCAACATGGT,mLung17_5LLL,tumor_c2,RNA_c5
mLung17_5LLL_CAGTTAGTCCTCATAC,mLung17_5LLL,tumor_c2,RNA_c1
mLung17_5LLL_TGGCATTGTTGACTCG,mLung17_5LLL,tumor_c2,RNA_c4
mLung17_5LLL_GGGCTAAAGGTGGATG,mLung17_5LLL,tumor_c1,RNA_c3
mLung17_5LLL_GTACATTAGCCTGCTC,mLung17_5LLL,tumor_c1,RNA_c3
mLung17_5LLL_CACAACATCCATTAGG,mLung17_5LLL,tumor_c2,RNA_c4
mLung17_5LLL_TGCCGAACATGACACG,mLung17_5LLL,tumor_c1,RNA_c2
mLung17_5LLL_TCCTATTGTTGAGCGG,mLung17_5LLL,tumor_c1,RNA_c1
mLung17_5LLL_AGACGAACAGTAAGGA,mLung17_5LLL,tumor_c2,RNA_c5
mLung17_5LLL_GCTTATGAGCAGTCTA,mLung17_5LLL,tumor_c1,RNA_c1
mLung17_5LLL_AGAGGGTCACCATCCG,mLung17_5LLL,tumor_c1,RNA_c2
mLung17_5LLL_AGGACCAAGGTGAGTG,mLung17_5LLL,tumor_c1,RNA_c2
mLung17_5LLL_TGCGATTGTGAAGTTG,mLung17_5LLL,tumor_c1,RNA_c3
mLung17_5LLL_CGACCGATCCACCTGC,mLung17_5LLL,tumor_c2,RNA_c5
mLung17_5LLL_CAGTTTAGTAACGTAG,mLung17_5LLL,tumor_c1,RNA_c3
mLung17_5LLL_GTGTCAATCACCCTTG,mLung17_5LLL,tumor_c1,RNA_c3
mLung17_5LLL_CATCGTTTCTGTGCAA,mLung17_5LLL,tumor_c2,RNA_c3
mLung17_5LLL_CAAAGTAAGAACCAGG,mLung17_5LLL,tumor_c1,RNA_c2
mLung17_5LLL_AGCGCACCAAGTAGCT,mLung17_5LLL,tumor_c1,RNA_c2
mLung17_5LLL_ACGGCAAAGTCGATAT,mLung17_5LLL,tumor_c1,RNA_c1
mLung17_5LLL_ATGTGGGAGGATGCCT,mLung17_5LLL,tumor_c2,RNA_c6
mLung17_5LLL_CGATTTGAGCAATCAT,mLung17_5LLL,tumor_c1,RNA_c3
mLung17_5LLL_AATGTGAAGGTATATC,mLung17_5LLL,tumor_c2,RNA_c5
mLung17_5LLL_AAAGCATGTAGTGCCC,mLung17_5LLL,tumor_c1,RNA_c3
mLung17_5LLL_CGAGTAAGTCAAGGGT,mLung17_5LLL,tumor_c1,RNA_c1
mLung17_5LLL_CAGTAGTCAAATCCGG,mLung17_5LLL,tumor_c2,RNA_c5
mLung17_5LLL_CACAAGTCAATACCGG,mLung17_5LLL,tumor_c1,RNA_c3
mLung17_5LLL_CCTCTCAAGCTGGATC,mLung17_5LLL,tumor_c1,RNA_c2
mLung17_5LLL_ACCAAAGGTTCCTGCT,mLung17_5LLL,tumor_c2,RNA_c6
mLung17_5LLL_TGAACTTAGCTAACCA,mLung17_5LLL,tumor_c1,RNA_c3
mLung17_5LLL_ACTCAATAGGTTCGTA,mLung17_5LLL,tumor_c1,RNA_c3
mLung17_5LLL_CAATTGGTCTTGATGG,mLung17_5LLL,tumor_c1,RNA_c2
mLung17_5LLL_GGCATTATCCAGATTG,mLung17_5LLL,tumor_c2,RNA_c4
mLung17_5LLL_TCATTCATCCCAGGAT,mLung17_5LLL,tumor_c1,RNA_c2
mLung17_5LLL_TCCCTGATCCGTCATT,mLung17_5LLL,tumor_c1,RNA_c2
mLung17_5LLL_TCTGCATTCAGGTCTA,mLung17_5LLL,tumor_c2,RNA_c5
mLung17_5LLL_CATTTCATCCGCGATG,mLung17_5LLL,tumor_c2,RNA_c4
mLung17_5LLL_GCTGCTAGTTGGTCAT,mLung17_5LLL,tumor_c1,RNA_c2
mLung17_5LLL_CTATCGAAGGTAGATA,mLung17_5LLL,tumor_c1,RNA_c1
mLung17_5LLL_AGGCTTATCGATGACC,mLung17_5LLL,tumor_c1,RNA_c2
mLung17_5LLL_TCGCACCTCCAGAGAG,mLung17_5LLL,tumor_c1,RNA_c3
mLung17_5LLL_ACGCGGTCACATACCC,mLung17_5LLL,tumor_c1,RNA_c3
mLung17_5LLL_TCGTGAATCATCTACC,mLung17_5LLL,tumor_c1,RNA_c3
mLung17_5LLL_TAATGTCAGCATCCTT,mLung17_5LLL,tumor_c2,RNA_c5
mLung17_5LLL_ACGAGTGAGTACCACA,mLung17_5LLL,tumor_c1,RNA_c3
mLung17_5LLL_ACTACCTTCTATCAGG,mLung17_5LLL,AT2,AT2
mLung17_5LLL_GTGGTAAGTATTGGTC,mLung17_5LLL,tumor_c2,RNA_c6
mLung17_5LLL_ATGACCCAGCCTACCC,mLung17_5LLL,tumor_c1,RNA_c3
mLung17_5LLL_ATCTATGGTTAGCAAG,mLung17_5LLL,tumor_c2,RNA_c5
mLung17_5LLL_ACTTACTCACTTCGTA,mLung17_5LLL,tumor_c1,RNA_c3
mLung17_5LLL_ATGTCAACAATCTACT,mLung17_5LLL,tumor_c1,RNA_c3
mLung17_5LLL_GCTATCCCAGGTAATC,mLung17_5LLL,tumor_c1,RNA_c3
mLung17_5LLL_CCTCAAGGTCATGCCA,mLung17_5LLL,tumor_c1,RNA_c2
mLung17_5LLL_CATATTGGTTTGCCCT,mLung17_5LLL,tumor_c2,RNA_c6
mLung17_5LLL_GCATTGATCCATCGCC,mLung17_5LLL,tumor_c2,RNA_c5
mLung17_5LLL_CGACAATCAAGCTGTG,mLung17_5LLL,tumor_c2,RNA_c5
mLung17_5LLL_ACAGGCGGTTCCAGGC,mLung17_5LLL,tumor_c1,RNA_c1
mLung17_5LLL_GCGTGAAAGGATCCAC,mLung17_5LLL,tumor_c1,RNA_c3
mLung17_5LLL_TGGACTATCGATGCAC,mLung17_5LLL,tumor_c1,RNA_c1
mLung17_5LLL_CACCAGACACCATCGT,mLung17_5LLL,tumor_c1,RNA_c2
mLung17_5LLL_ATTGAGGGTAGTCCAT,mLung17_5LLL,tumor_c1,RNA_c2
mLung17_5LLL_CTACGGGTCAGCTGGT,mLung17_5LLL,tumor_c2,RNA_c5
mLung17_5LLL_AGAGAGGGTCAGCGGA,mLung17_5LLL,tumor_c1,RNA_c3
mLung17_5LLL_GCAATCATCGACTTGA,mLung17_5LLL,tumor_c2,RNA_c5
mLung17_5LLL_CATCCGGAGCGATCCG,mLung17_5LLL,tumor_c1,RNA_c3
mLung17_5LLL_GGAGATTAGGATGTGG,mLung17_5LLL,tumor_c1,RNA_c3
mLung17_5LLL_AGAGATGCAACTCGGA,mLung17_5LLL,tumor_c1,RNA_c3
mLung17_5LLL_GCATAGCTCGCGCATG,mLung17_5LLL,tumor_c2,RNA_c4
mLung17_5LLL_TGCGGCTGTGATCCTG,mLung17_5LLL,tumor_c1,RNA_c3
mLung17_5LLL_CACTGCCTCTGTCAAG,mLung17_5LLL,tumor_c1,RNA_c3
mLung17_5LLL_GTTCACCCAAGCTATA,mLung17_5LLL,tumor_c1,RNA_c2
mLung17_5LLL_CGAAACCTCCCTCACA,mLung17_5LLL,tumor_c1,RNA_c2
mLung17_5LLL_TACCTAAGTAACCCAT,mLung17_5LLL,tumor_c2,RNA_c6
mLung17_5LLL_CCTAGGTAGGGGTAAT,mLung17_5LLL,tumor_c2,RNA_c6
mLung17_5LLL_TCTGGCCTCGACCGAT,mLung17_5LLL,tumor_c1,RNA_c2
mLung17_5LLL_GTAGCCACAATTCATC,mLung17_5LLL,tumor_c2,RNA_c3
mLung17_5LLL_CCGGAAGGTTCCCTGT,mLung17_5LLL,tumor_c1,RNA_c3
mLung17_5LLL_GTCTCCGCACTATACT,mLung17_5LLL,tumor_c2,RNA_c5
mLung17_5LLL_AGTATGTTCAGGTTCA,mLung17_5LLL,tumor_c1,RNA_c1
mLung17_5LLL_ATTCCGGGTGACGTGG,mLung17_5LLL,tumor_c2,RNA_c5
mLung17_5LLL_TGGACGTTCCGTAAGC,mLung17_5LLL,tumor_c2,RNA_c6
mLung17_5LLL_CGTTTCACACATACTT,mLung17_5LLL,tumor_c2,RNA_c6
mLung17_5LLL_CGTATTGAGGCGCTTG,mLung17_5LLL,tumor_c1,RNA_c3
mLung17_5LLL_AGAGGGTCATTACAGA,mLung17_5LLL,tumor_c2,RNA_c6
mLung17_5LLL_TCCTGCATCCGGTAGT,mLung17_5LLL,tumor_c1,RNA_c2
mLung17_5LLL_TCGGCTGAGATTGATC,mLung17_5LLL,tumor_c1,RNA_c3
mLung17_5LLL_AGACATGGTAAGTAAC,mLung17_5LLL,tumor_c1,RNA_c2
mLung17_5LLL_GGCTTATGTCATTCAA,mLung17_5LLL,tumor_c1,RNA_c3
mLung17_5LLL_CTCACCATCTAATGGT,mLung17_5LLL,tumor_c1,RNA_c3
mLung17_5LLL_GCCCGTAAGGGGTACA,mLung17_5LLL,tumor_c1,RNA_c1
mLung17_5LLL_ACATAGAAGCTATGCA,mLung17_5LLL,tumor_c1,RNA_c2
mLung17_5LLL_GTATAGCCAGCACGTA,mLung17_5LLL,tumor_c1,RNA_c2
mLung17_5LLL_GGCTGAAAGTGCAACC,mLung17_5LLL,tumor_c2,RNA_c5
mLung17_5LLL_GCTCCCACAAGGTTCG,mLung17_5LLL,tumor_c1,RNA_c3
mLung17_5LLL_TACGAAGGTTAACCAC,mLung17_5LLL,tumor_c1,RNA_c2
mLung17_5LLL_CCCATCGCACCTCACG,mLung17_5LLL,tumor_c2,RNA_c6
mLung17_5LLL_TAACGGCTCTGGCTAA,mLung17_5LLL,tumor_c2,RNA_c4
mLung17_5LLL_GTATCGATCACAGCCG,mLung17_5LLL,tumor_c2,RNA_c6
mLung17_5LLL_AAGTCACCAATCGAGT,mLung17_5LLL,tumor_c2,RNA_c4
mLung17_5LLL_CTACACCCAGGATACT,mLung17_5LLL,tumor_c1,RNA_c3
mLung17_5LLL_AAGTTTCAGGCTCCAG,mLung17_5LLL,tumor_c1,RNA_c3
mLung17_5LLL_CCGAATTGTAGTTAGG,mLung17_5LLL,tumor_c1,RNA_c2
mLung17_5LLL_GTGCAGCCAGGCTCAA,mLung17_5LLL,tumor_c1,RNA_c2
mLung17_5LLL_ATCATGGTCCGCATCC,mLung17_5LLL,tumor_c1,RNA_c3
mLung17_5LLL_GGCGTAGGTGGAAGTC,mLung17_5LLL,tumor_c1,RNA_c1
mLung17_5LLL_TATCGTAGTTGCCTCT,mLung17_5LLL,tumor_c2,RNA_c5
mLung17_5LLL_AACTGGTCAACCTTGC,mLung17_5LLL,tumor_c2,RNA_c5
mLung17_5LLL_TGTGGTTGTGAGTAGC,mLung17_5LLL,tumor_c2,RNA_c6
mLung17_5LLL_ATACCAACATTGCCAC,mLung17_5LLL,tumor_c2,RNA_c4
mLung17_5LLL_ACGAAGGTCTAAGCGC,mLung17_5LLL,tumor_c2,RNA_c5
mLung17_5LLL_CAGGGTTTCCGCTAGG,mLung17_5LLL,tumor_c2,RNA_c5
mLung17_5LLL_AGCTAATTCACTTGAG,mLung17_5LLL,tumor_c1,RNA_c2
mLung17_5LLL_GTCAACATCATGTGGC,mLung17_5LLL,tumor_c1,RNA_c3
mLung17_5LLL_GTTCATTCAAAGGGTA,mLung17_5LLL,tumor_c1,RNA_c3
mLung17_5LLL_ATATCAGCATCCATTG,mLung17_5LLL,tumor_c1,RNA_c3
mLung17_5LLL_TGGGATAGTCTGGCTA,mLung17_5LLL,tumor_c1,RNA_c2
mLung17_5LLL_ATATCCTCATTCGCGT,mLung17_5LLL,tumor_c1,RNA_c1
mLung17_5LLL_AGTCCAGCAGGGCTTA,mLung17_5LLL,tumor_c2,RNA_c6
mLung17_5LLL_GCGGGTTCACTAACGG,mLung17_5LLL,tumor_c1,RNA_c3
mLung17_5LLL_CGAGCAAAGTGACGAG,mLung17_5LLL,tumor_c1,RNA_c3
mLung17_5LLL_CACCTCGCATGGCAAT,mLung17_5LLL,tumor_c2,RNA_c4
mLung17_5LLL_TCAACCAAGATTCCGA,mLung17_5LLL,tumor_c2,RNA_c5
mLung17_5LLL_CAAGCCACAATACATG,mLung17_5LLL,tumor_c1,RNA_c2
mLung17_5LLL_CCGCAAGTCACACACA,mLung17_5LLL,tumor_c1,RNA_c3
mLung17_5LLL_TACAGGTCATCGTAGG,mLung17_5LLL,tumor_c1,RNA_c3
mLung17_5LLL_ACACTAGTCCACGGCA,mLung17_5LLL,tumor_c2,RNA_c4
mLung17_5LLL_TCTGCATTCAGGCACT,mLung17_5LLL,tumor_c1,RNA_c3
mLung17_5LLL_GGTTCAGCAATTCGCC,mLung17_5LLL,tumor_c1,RNA_c3
mLung17_5LLL_CGGTTAATCAATCGTG,mLung17_5LLL,AT2,AT2
mLung17_5LLL_ACGACGAAGTGCTCAA,mLung17_5LLL,AT2,AT2
mLung17_5LLL_CGCATATGTAGGCGAT,mLung17_5LLL,AT2,AT2
mLung17_5LLL_TATCCCACATGGTAGT,mLung17_5LLL,tumor_c1,RNA_c3
mLung17_5LLL_GTCAATGTCCCCTGAC,mLung17_5LLL,tumor_c2,RNA_c6
mLung17_5LLL_CTCCCACAGGCGCTAT,mLung17_5LLL,tumor_c2,RNA_c4
mLung17_5LLL_GGGTAATAGGGTCATC,mLung17_5LLL,tumor_c1,RNA_c3
mLung17_5LLL_TGAAACCCACCTGGAA,mLung17_5LLL,tumor_c1,RNA_c3
mLung17_5LLL_GTTCCACCAAATGAGG,mLung17_5LLL,tumor_c2,RNA_c4
mLung17_5LLL_CATTACCTCTCATCAC,mLung17_5LLL,tumor_c2,RNA_c4
mLung17_5LLL_CCAGACCGTAACGTGA,mLung17_5LLL,tumor_c2,RNA_c4
mLung17_5LLL_CCGCGATGTTTCGCAG,mLung17_5LLL,tumor_c1,RNA_c3
mLung17_5LLL_AGCGCCTGTGAACGCG,mLung17_5LLL,tumor_c1,RNA_c2
mLung17_5LLL_TCGATAGTCCCTCTCT,mLung17_5LLL,tumor_c2,RNA_c4
mLung17_5LLL_AAGGAAAGTGCAGTAA,mLung17_5LLL,tumor_c2,RNA_c4
mLung17_5LLL_CCCGAATAGCATTAAC,mLung17_5LLL,tumor_c2,RNA_c4
mLung17_5LLL_CGTACAGCAGGCATAT,mLung17_5LLL,tumor_c1,RNA_c2
mLung17_5LLL_AGCGTTATCCCGTGCT,mLung17_5LLL,tumor_c1,RNA_c3
mLung17_5LLL_GGAAGATTCATCACTC,mLung17_5LLL,tumor_c1,RNA_c2
mLung17_5LLL_ATTACGTAGCCAGAGA,mLung17_5LLL,tumor_c2,RNA_c4
mLung17_5LLL_GGAGAGTCATCACATT,mLung17_5LLL,tumor_c2,RNA_c4
mLung17_5LLL_CGGTGAAAGAAGGAGA,mLung17_5LLL,tumor_c2,RNA_c4
mLung17_5LLL_TGCCAGTAGGATGCAG,mLung17_5LLL,tumor_c1,RNA_c3
mLung17_5LLL_CCCTTACGTTTACATG,mLung17_5LLL,tumor_c1,RNA_c3
mLung17_5LLL_TGAACCTGTTGCGACC,mLung17_5LLL,tumor_c1,RNA_c2
mLung17_5LLL_CCTACGAGTAACTGTC,mLung17_5LLL,AT2,AT2
mLung17_5LLL_CAGCAATCATCCTGTA,mLung17_5LLL,tumor_c1,RNA_c2
mLung17_5LLL_AGTTTCAGTATTAGGG,mLung17_5LLL,tumor_c1,RNA_c2
mLung17_5LLL_CTAGTAACACATGCAG,mLung17_5LLL,tumor_c2,RNA_c6
mLung17_5LLL_CAAGCTCAGGATCCGT,mLung17_5LLL,tumor_c1,RNA_c3
mLung17_5LLL_AGTACTTAGTATGTCG,mLung17_5LLL,tumor_c2,RNA_c4
mLung17_5LLL_ATTCAGGTCTATCACC,mLung17_5LLL,tumor_c1,RNA_c2
mLung17_5LLL_AGCTTAGTCCTTCGTG,mLung17_5LLL,tumor_c2,RNA_c5
mLung17_5LLL_GCCATCCTCGCGTGTG,mLung17_5LLL,tumor_c2,RNA_c5
mLung17_5LLL_GTCAAATTCTAGCGCG,mLung17_5LLL,tumor_c1,RNA_c2
mLung17_5LLL_ATGGAGACACAACCCT,mLung17_5LLL,tumor_c1,RNA_c2
mLung17_5LLL_TGCCAGTAGCGCTTCC,mLung17_5LLL,tumor_c2,RNA_c3
mLung17_5LLL_TGCAAATTCGTGCTCC,mLung17_5LLL,tumor_c2,RNA_c4
mLung17_5LLL_CATTTCGCAGCACGTA,mLung17_5LLL,tumor_c1,RNA_c3
mLung17_5LLL_TGTACTGAGGAATCGG,mLung17_5LLL,tumor_c2,RNA_c4
mLung17_5LLL_GGAATTGGTGCGTGAG,mLung17_5LLL,tumor_c2,RNA_c4
mLung17_5LLL_ATTCCATCACTAGCCT,mLung17_5LLL,tumor_c1,RNA_c2
mLung17_5LLL_CCGCGTTTCCGTCCAC,mLung17_5LLL,tumor_c1,RNA_c3
mLung17_5LLL_ACATCTTCACCTGTCG,mLung17_5LLL,tumor_c1,RNA_c2
mLung17_5LLL_CAGTTATAGTAGGCAG,mLung17_5LLL,tumor_c1,RNA_c4
mLung17_5LLL_TAGGGTAGTAGGTGAC,mLung17_5LLL,tumor_c2,RNA_c6
mLung17_5LLL_ACGTATTAGTTAGAGA,mLung17_5LLL,tumor_c2,RNA_c4
mLung17_5LLL_TACGGTTGTTGTGGCC,mLung17_5LLL,tumor_c1,RNA_c2
mLung17_5LLL_AACGACTCATCGCGTT,mLung17_5LLL,tumor_c1,RNA_c1
mLung17_5LLL_AGAGTCCTCGCTAGAC,mLung17_5LLL,tumor_c2,RNA_c6
mLung17_5LLL_ATTCATGGTAATGGTG,mLung17_5LLL,tumor_c1,RNA_c2
mLung17_5LLL_GTTCAGGCATTAACTC,mLung17_5LLL,tumor_c1,RNA_c2
mLung17_5LLL_TCTCGGCTCAGTTACG,mLung17_5LLL,tumor_c2,RNA_c4
mLung17_5LLL_ACAATCACAGCTACCT,mLung17_5LLL,tumor_c1,RNA_c3
mLung17_5LLL_CGTCCCACAACATGCG,mLung17_5LLL,tumor_c1,RNA_c3
mLung17_5LLL_TCCTGGTCAACTTAGA,mLung17_5LLL,tumor_c2,RNA_c6
mLung17_5LLL_GCCGTTGAGCCAATGC,mLung17_5LLL,tumor_c2,RNA_c3
mLung17_5LLL_CAGGGGACATTAGTAG,mLung17_5LLL,tumor_c2,RNA_c4
mLung17_5LLL_GCCCCATTCACAGCAC,mLung17_5LLL,tumor_c1,RNA_c2
mLung17_5LLL_ATCCCCATCTGTGCCC,mLung17_5LLL,tumor_c2,RNA_c6
mLung17_5LLL_GCAAGGATCACACCTT,mLung17_5LLL,tumor_c2,RNA_c4
mLung17_5LLL_TACTATGGTTGCACGC,mLung17_5LLL,tumor_c2,RNA_c6
mLung17_5LLL_CTCAGTAAGTGCTCGG,mLung17_5LLL,tumor_c1,RNA_c3
mLung17_5LLL_TAGTGCATCCAGATGC,mLung17_5LLL,tumor_c2,RNA_c6
mLung17_5LLL_CACATAACATTACGGG,mLung17_5LLL,tumor_c1,RNA_c1
mLung17_5LLL_CTTGGGGTCTAATCCC,mLung17_5LLL,tumor_c2,RNA_c5
mLung17_5LLL_GCCGAGTCATCCTAAT,mLung17_5LLL,tumor_c1,RNA_c3
mLung17_5LLL_AGGCAATAGGAGGTGC,mLung17_5LLL,tumor_c1,RNA_c3
mLung17_5LLL_AGTATCACAATCTGAA,mLung17_5LLL,tumor_c1,RNA_c3
mLung17_5LLL_GTAGCCCGTAACTCTA,mLung17_5LLL,tumor_c1,RNA_c3
mLung17_5LLL_TCGTATAGTAGTTACC,mLung17_5LLL,tumor_c1,RNA_c3
mLung17_5LLL_TCAAACTAGCTATCCT,mLung17_5LLL,tumor_c2,RNA_c4
mLung17_5LLL_CGCATCAGTAACGACA,mLung17_5LLL,tumor_c2,RNA_c4
mLung17_5LLL_GCGGCTTGTGCAGCTC,mLung17_5LLL,tumor_c2,RNA_c5
mLung17_5LLL_ATCAACTAGCATGACC,mLung17_5LLL,tumor_c1,RNA_c3
mLung17_5LLL_AATGACCCAATAGGGA,mLung17_5LLL,tumor_c1,RNA_c2
mLung17_5LLL_ACAAGCCTCCTTCAGT,mLung17_5LLL,AT2,AT2
mLung17_5LLL_TATGACTAGTATGACT,mLung17_5LLL,tumor_c2,RNA_c5
mLung17_5LLL_CGGGGATAGTCAGTCA,mLung17_5LLL,tumor_c2,RNA_c5
mLung17_5LLL_GTCCCATCAGGAATGA,mLung17_5LLL,tumor_c2,RNA_c6
mLung17_5LLL_AACGTAGGTTCATCGG,mLung17_5LLL,tumor_c1,RNA_c2
mLung17_5LLL_CGTTTGGGTCATTACA,mLung17_5LLL,tumor_c2,RNA_c5
mLung17_5LLL_CCTGAATGTTGGGATA,mLung17_5LLL,tumor_c1,RNA_c3
mLung17_5LLL_GGGCAAATCACGGCCA,mLung17_5LLL,tumor_c1,RNA_c3
mLung17_5LLL_ATGGGGATCAGGGCAA,mLung17_5LLL,tumor_c1,RNA_c3
mLung17_5LLL_ACTGTGATCAGTTCCT,mLung17_5LLL,tumor_c1,RNA_c2
mLung17_5LLL_CACATTAGTTCGTCCT,mLung17_5LLL,tumor_c1,RNA_c3
mLung17_5LLL_AACACACCATCATCAT,mLung17_5LLL,tumor_c1,RNA_c2
mLung17_5LLL_ACGACATCATGACCTC,mLung17_5LLL,tumor_c1,RNA_c2
mLung17_5LLL_ACCATCAAGGTTCCGG,mLung17_5LLL,tumor_c2,RNA_c3
mLung17_5LLL_CCCTATGTCGATGCGT,mLung17_5LLL,tumor_c2,RNA_c4
mLung17_5LLL_AGCGTTGCACTATCTG,mLung17_5LLL,tumor_c2,RNA_c5
mLung17_5LLL_CTGTGGACATCCTGCG,mLung17_5LLL,tumor_c2,RNA_c6
mLung17_5LLL_TGCTCCATCCCGTGAG,mLung17_5LLL,tumor_c2,RNA_c4
mLung17_5LLL_TGCATTAGTGCGCAAG,mLung17_5LLL,tumor_c2,RNA_c5
mLung17_5LLL_ATCTTGCTCCACCTGC,mLung17_5LLL,tumor_c1,RNA_c3
mLung17_5LLL_ATCAGGCTCAGCCACG,mLung17_5LLL,tumor_c2,RNA_c5
mLung17_5LLL_GTAACGGAGCCTCTAT,mLung17_5LLL,tumor_c1,RNA_c3
mLung17_5LLL_CTCTCGATCGCTGAAC,mLung17_5LLL,tumor_c2,RNA_c3
mLung17_5LLL_CCTACCATCTAATGGT,mLung17_5LLL,tumor_c1,RNA_c2
mLung17_5LLL_TGTAGCCAGTTGCTTC,mLung17_5LLL,tumor_c1,RNA_c1
mLung17_5LLL_TCGTCATTCTGTCTGT,mLung17_5LLL,tumor_c2,RNA_c3
mLung17_5LLL_TCGCAAATCGCGTCCT,mLung17_5LLL,tumor_c2,RNA_c3
mLung17_5LLL_CCACATCCATGAGTTA,mLung17_5LLL,tumor_c1,RNA_c3
mLung17_5LLL_AGCTAAGGTTCCTGTC,mLung17_5LLL,tumor_c2,RNA_c5
mLung17_5LLL_GCTCATAAGGATCTCA,mLung17_5LLL,tumor_c1,RNA_c3
mLung17_5LLL_ATGGCAAGTAATCCTA,mLung17_5LLL,tumor_c2,RNA_c1
mLung17_5LLL_GTAGTTTAGGATGCGA,mLung17_5LLL,tumor_c2,RNA_c4
mLung17_5LLL_CCAGGCATCAGGAACG,mLung17_5LLL,tumor_c1,RNA_c2
mLung17_5LLL_GTTCCAAAGTCAGTGC,mLung17_5LLL,AT2,AT2
mLung17_5LLL_TCCTGCATCCCGCGTT,mLung17_5LLL,tumor_c1,RNA_c3
mLung17_5LLL_CATATAGCAAGTGCAT,mLung17_5LLL,tumor_c2,RNA_c5
mLung17_5LLL_CGGGTAAAGTGCGCTG,mLung17_5LLL,tumor_c2,RNA_c4
mLung17_5LLL_GGCAAAGTCGCGTTGG,mLung17_5LLL,tumor_c2,RNA_c5
mLung17_5LLL_GTTAGTTAGCTGAGAG,mLung17_5LLL,AT2,AT2
mLung17_5LLL_CAGCTAATCTGGATGC,mLung17_5LLL,tumor_c2,RNA_c5
mLung17_5LLL_TACTGTGAGGTTGGTC,mLung17_5LLL,tumor_c2,RNA_c6
mLung17_5LLL_AACCTAGTCGTGAGTC,mLung17_5LLL,tumor_c2,RNA_c5
mLung17_5LLL_CCAGCCAAGGTTAGCC,mLung17_5LLL,tumor_c2,RNA_c4
mLung17_5LLL_AGTTTGGTCCGCGATG,mLung17_5LLL,tumor_c2,RNA_c5
mLung17_5LLL_CGCACCTTCTGGCTGG,mLung17_5LLL,tumor_c2,RNA_c4
mLung17_5LLL_GTCGGTTAGTGGCTGT,mLung17_5LLL,tumor_c1,RNA_c2
mLung17_5LLL_ACAAGTTTCAGCAGTC,mLung17_5LLL,tumor_c2,RNA_c1
mLung17_5LLL_CGCCATTCATAGGCTG,mLung17_5LLL,tumor_c2,RNA_c4
mLung17_5LLL_GCTCATTTCCATAGGC,mLung17_5LLL,tumor_c1,RNA_c3
mLung17_5LLL_CTGCCTATCAGTACGC,mLung17_5LLL,tumor_c2,RNA_c1
mLung17_5LLL_ATAGTCCGTTGACGGG,mLung17_5LLL,tumor_c1,RNA_c2
mLung17_5LLL_CGGCTGATCGATGGAG,mLung17_5LLL,AT2,AT2
mLung17_5LLL_CCAGAGGGTAGCGGAT,mLung17_5LLL,AT2,AT2
mLung17_5LLL_AGACATAAGTAGGGCA,mLung17_5LLL,tumor_c1,RNA_c3
mLung17_5LLL_CCCTAATTCTATGTGG,mLung17_5LLL,tumor_c2,RNA_c1
mLung17_5LLL_CTAACCTTCAGTAATC,mLung17_5LLL,tumor_c1,RNA_c3
mLung17_5LLL_AACTAGAAGTTGCACA,mLung17_5LLL,tumor_c2,RNA_c4
mLung17_5LLL_GTATTGGTCACGTAAT,mLung17_5LLL,tumor_c2,RNA_c4
mLung17_5LLL_AGCCGTTAGGGTTAGG,mLung17_5LLL,tumor_c1,RNA_c3
mLung17_5LLL_GGTAGGATCCTGAAGC,mLung17_5LLL,tumor_c1,RNA_c2
mLung17_5LLL_GTCAATGTCCGGATAC,mLung17_5LLL,tumor_c1,RNA_c3
mLung17_5LLL_CAGCAGCCACTTGCCG,mLung17_5LLL,tumor_c2,RNA_c4
